id,trans_hour,trans_day,trans_month,trans_year,category,upi_number,age,trans_amount,state,fraud_risk
0,6,26,1,2022,10,9957000271,32,3096.74,5,1.0
1,19,8,1,2022,9,9957000387,63,1556.14,28,0.0
2,14,4,4,2022,20,9957000093,32,438.11,19,1.0
3,10,16,3,2022,8,9957000966,21,463.77,21,1.0
4,7,30,10,2022,10,9957000529,18,4616.89,24,1.0
5,20,23,12,2022,19,9957000154,40,3449.5,28,1.0
6,6,10,2,2022,3,9957000405,19,644.24,18,1.0
7,18,12,12,2022,24,9957000840,74,1790.05,21,1.0
8,22,14,3,2022,5,9957000149,69,2966.49,22,1.0
9,10,14,11,2022,3,9957000889,30,4179.5,10,1.0
10,10,2,11,2022,16,9957000267,49,227.87,24,0.0
11,23,23,11,2022,17,9957000422,40,1190.8,8,1.0
12,20,5,1,2022,15,9957000840,32,4449.85,15,1.0
13,3,5,1,2022,3,9957000618,43,55.74,21,1.0
14,7,6,6,2022,12,9957000472,37,1014.98,25,0.0
15,23,13,5,2022,9,9957000893,67,4795.53,20,1.0
16,2,9,8,2022,21,9957000547,28,3070.88,28,1.0
17,21,30,2,2022,12,9957000631,29,1315.74,25,1.0
18,20,22,4,2022,15,9957000526,63,344.29,27,1.0
19,1,28,8,2022,2,9957000503,47,150.67,23,1.0
20,23,29,12,2022,23,9957000014,39,1231.28,22,1.0
21,11,15,6,2022,18,9957000778,35,4408.61,4,1.0
22,5,14,1,2022,20,9957000652,31,2085.41,2,1.0
23,1,24,4,2022,12,9957000806,37,3604.46,24,1.0
24,20,7,1,2022,23,9957000364,71,4592.24,6,1.0
25,0,25,2,2022,4,9957000119,57,2046.12,28,1.0
26,11,20,5,2022,23,9957000238,31,964.47,3,1.0
27,21,2,8,2022,16,9957000546,72,2590.42,7,1.0
28,11,7,8,2022,23,9957000169,28,4541.34,10,1.0
29,16,6,11,2022,16,9957000522,43,4023.83,23,0.0
30,9,17,3,2022,1,9957000634,34,338.49,6,1.0
31,15,27,11,2022,22,9957000913,44,3465.94,16,1.0
32,14,25,4,2022,25,9957000657,33,2863.77,2,1.0
33,14,25,10,2022,2,9957000963,67,4538.24,24,1.0
34,18,28,11,2022,3,9957000958,53,621.18,17,0.0
35,11,2,6,2022,21,9957000735,70,2674.84,13,1.0
36,22,3,11,2022,25,9957000883,27,4398.52,1,1.0
37,19,5,11,2022,20,9957000769,32,2056.02,6,1.0
38,2,5,10,2022,17,9957000780,37,2415.15,5,1.0
39,4,31,3,2022,20,9957000871,60,361.6,25,1.0
40,18,1,2,2022,22,9957000516,47,1397.94,13,1.0
41,6,8,6,2022,21,9957000938,53,1629.29,28,1.0
42,20,12,11,2022,1,9957000397,54,4726.16,23,0.0
43,8,24,5,2022,20,9957000866,32,1420.51,18,1.0
44,6,4,10,2022,6,9957000106,23,2309.73,12,1.0
45,17,13,5,2022,15,9957000085,47,3359.81,7,1.0
46,3,23,10,2022,14,9957000214,46,819.3,15,0.0
47,13,15,5,2022,20,9957000121,75,2437.35,3,0.0
48,17,31,10,2022,15,9957000132,68,3695.31,16,1.0
49,8,11,12,2022,14,9957000850,31,4335.61,1,1.0
50,20,10,5,2022,25,9957000197,33,3135.03,27,1.0
51,1,3,3,2022,21,9957000019,41,3348.58,16,1.0
52,19,22,7,2022,24,9957000642,20,640.15,24,1.0
53,14,14,6,2022,25,9957000012,49,4729.42,12,1.0
54,6,16,4,2022,5,9957000081,70,671.54,19,0.0
55,11,10,2,2022,6,9957000330,51,3875.62,27,1.0
56,7,29,12,2022,17,9957000866,48,1331.43,8,1.0
57,14,10,9,2022,11,9957000774,34,4668.63,23,1.0
58,2,12,1,2022,16,9957000392,39,3602.6,12,1.0
59,13,30,11,2022,12,9957000637,18,3771.53,15,1.0
60,16,9,4,2022,15,9957000307,24,1103.11,2,1.0
61,3,1,1,2022,23,9957000267,24,2220.77,17,1.0
62,17,5,6,2022,4,9957000447,38,3092.89,7,1.0
63,7,20,4,2022,18,9957000441,35,3852.17,13,1.0
64,3,8,5,2022,21,9957000895,25,528.76,1,1.0
65,1,11,5,2022,3,9957000652,41,4812.2,6,1.0
66,5,12,9,2022,22,9957000841,30,4452.2,13,1.0
67,21,1,1,2022,8,9957000002,40,1359.04,11,1.0
68,9,25,2,2022,23,9957000520,75,4115.57,10,1.0
69,3,22,6,2022,3,9957000762,75,2596.44,16,1.0
70,21,20,5,2022,8,9957000651,44,2314.41,27,1.0
71,17,28,11,2022,18,9957000636,63,1579.03,26,0.0
72,11,25,7,2022,10,9957000309,30,2909.03,24,0.0
73,1,11,3,2022,25,9957000740,21,3652.15,23,1.0
74,9,5,3,2022,20,9957000522,30,2060.56,20,1.0
75,3,15,10,2022,17,9957000469,49,3149.8,17,0.0
76,13,5,2,2022,8,9957000212,72,3499.57,17,1.0
77,15,12,3,2022,23,9957000112,30,3558.5,4,1.0
78,14,5,10,2022,11,9957000008,54,269.31,5,1.0
79,7,17,1,2022,5,9957000804,26,4300.14,28,1.0
80,13,17,5,2022,13,9957000477,49,2296.68,23,1.0
81,22,24,12,2022,21,9957000874,63,1319.46,14,1.0
82,7,12,5,2022,23,9957000460,35,1216.4,20,1.0
83,20,24,12,2022,5,9957000253,64,2420.24,10,0.0
84,15,28,11,2022,24,9957000526,57,4435.29,14,1.0
85,12,15,7,2022,13,9957000752,50,1897.95,28,1.0
86,17,15,4,2022,6,9957000438,62,3751.13,1,1.0
87,14,6,3,2022,5,9957000754,31,493.13,11,1.0
88,20,12,1,2022,9,9957000981,46,2385.52,26,1.0
89,23,27,12,2022,16,9957000854,55,4958.51,23,1.0
90,12,29,8,2022,2,9957000661,20,3854.48,18,1.0
91,8,20,3,2022,1,9957000236,38,1060.54,16,1.0
92,14,18,2,2022,8,9957000306,41,2512.19,27,1.0
93,12,14,11,2022,19,9957000478,34,1175.79,18,1.0
94,0,2,4,2022,11,9957000679,39,2053.71,8,0.0
95,6,9,3,2022,12,9957000020,16,3902.62,28,1.0
96,8,31,1,2022,12,9957000216,23,3858.41,10,1.0
97,23,5,3,2022,7,9957000855,42,1148.22,26,1.0
98,0,20,12,2022,13,9957000135,67,4611.89,10,1.0
99,11,26,2,2022,8,9957000905,75,2966.92,5,1.0
100,7,29,8,2022,22,9957000129,52,1905.82,10,1.0
101,23,1,6,2022,9,9957000410,17,2514.66,18,1.0
102,10,23,9,2022,7,9957000422,34,3029.31,21,1.0
103,18,3,8,2022,21,9957000294,20,2803.85,24,1.0
104,16,6,10,2022,24,9957000246,53,2437.16,6,1.0
105,7,5,3,2022,15,9957000701,47,2529.61,3,0.0
106,2,21,5,2022,2,9957000556,69,890.3,8,1.0
107,2,27,7,2022,23,9957000086,15,4065.54,9,1.0
108,0,5,5,2022,20,9957000556,51,2713.38,5,1.0
109,4,1,8,2022,25,9957000842,20,664.09,2,1.0
110,9,17,12,2022,12,9957000375,59,3833.12,2,1.0
111,6,19,5,2022,1,9957000446,48,4662.9,7,1.0
112,8,14,1,2022,23,9957000378,61,4737.06,17,1.0
113,6,12,5,2022,22,9957000390,29,1851.4,10,1.0
114,8,10,4,2022,8,9957000657,59,686.23,12,1.0
115,7,20,6,2022,5,9957000051,40,2596.81,2,1.0
116,11,21,3,2022,15,9957000242,71,571.92,10,1.0
117,1,18,11,2022,1,9957000294,28,4670.6,20,1.0
118,0,24,5,2022,1,9957000920,72,926.06,1,1.0
119,15,27,2,2022,25,9957000563,68,1271.3,4,1.0
120,22,11,11,2022,10,9957000266,21,2039.12,13,1.0
121,22,30,6,2022,22,9957000120,60,1921.99,12,1.0
122,23,2,12,2022,10,9957000712,72,3975.37,11,0.0
123,4,25,6,2022,21,9957000917,45,2287.02,10,1.0
124,2,18,5,2022,15,9957000248,38,862.13,15,1.0
125,11,29,6,2022,17,9957000070,73,1343.38,5,1.0
126,7,25,11,2022,22,9957000853,45,2550.48,25,1.0
127,21,7,7,2022,6,9957000057,43,745.8,17,1.0
128,2,31,12,2022,3,9957000382,56,3062.16,28,1.0
129,0,24,5,2022,13,9957000039,46,2833.08,5,1.0
130,2,15,1,2022,16,9957000984,31,3576.36,2,1.0
131,4,11,8,2022,8,9957000801,28,4689.15,9,1.0
132,14,18,4,2022,15,9957000443,54,4562.15,6,1.0
133,13,23,9,2022,17,9957000018,50,4730.92,18,1.0
134,2,12,10,2022,17,9957000952,72,1231.13,14,1.0
135,0,6,12,2022,22,9957000732,62,666.51,19,0.0
136,4,20,6,2022,13,9957000825,38,1518.36,14,1.0
137,22,23,1,2022,17,9957000756,59,4476.48,8,0.0
138,13,30,3,2022,6,9957000352,68,4860.55,17,0.0
139,6,13,3,2022,17,9957000972,41,4298.03,28,1.0
140,8,20,10,2022,16,9957000816,39,558.99,3,0.0
141,14,16,12,2022,14,9957000298,73,4737.67,10,1.0
142,14,18,12,2022,13,9957000283,46,2122.56,17,0.0
143,9,10,4,2022,6,9957000586,66,56.46,27,1.0
144,12,28,6,2022,3,9957000110,32,2217.54,11,1.0
145,18,23,7,2022,14,9957000180,60,239.89,8,1.0
146,6,8,10,2022,14,9957000938,32,2723.95,1,1.0
147,16,18,4,2022,15,9957000544,51,1699.38,13,0.0
148,19,21,6,2022,8,9957000746,40,2372.44,21,1.0
149,3,1,11,2022,15,9957000794,23,3069.72,4,1.0
150,4,23,1,2022,22,9957000025,74,4345.32,7,1.0
151,22,8,8,2022,13,9957000843,49,3312.89,14,0.0
152,6,29,7,2022,17,9957000791,22,2175.9,5,1.0
153,12,6,11,2022,21,9957000738,34,4098.94,24,1.0
154,14,5,11,2022,24,9957000057,68,4528.85,28,1.0
155,10,15,9,2022,3,9957000180,56,607.6,11,1.0
156,3,22,3,2022,6,9957000232,36,2664.35,17,1.0
157,12,15,2,2022,5,9957000894,33,1429.71,5,1.0
158,6,2,1,2022,22,9957000343,44,244.84,20,1.0
159,18,1,3,2022,17,9957000477,67,3346.05,3,1.0
160,21,23,5,2022,23,9957000799,42,4315.23,5,1.0
161,1,23,11,2022,25,9957000576,49,822.88,26,1.0
162,9,26,2,2022,2,9957000455,57,4063.94,15,1.0
163,12,11,12,2022,15,9957000232,25,4268.44,19,1.0
164,20,10,3,2022,5,9957000289,45,4572.56,16,1.0
165,5,30,4,2022,20,9957000213,63,1333.77,8,1.0
166,11,18,7,2022,6,9957000258,62,4520.73,13,1.0
167,11,18,3,2022,6,9957000530,53,1610.11,16,1.0
168,19,17,9,2022,18,9957000687,50,2766.17,3,0.0
169,10,26,8,2022,18,9957000929,44,262.03,1,1.0
170,22,8,4,2022,4,9957000229,37,228.97,9,1.0
171,6,15,1,2022,17,9957000226,33,3604.66,9,1.0
172,0,8,1,2022,25,9957000596,26,2227.96,22,1.0
173,0,17,1,2022,14,9957000803,29,1288.9,26,0.0
174,19,12,1,2022,14,9957000435,45,960.16,17,0.0
175,12,27,8,2022,13,9957000882,57,3353.07,24,0.0
176,8,8,3,2022,7,9957000758,51,12.0,2,1.0
177,2,25,6,2022,12,9957000402,51,4031.4,9,1.0
178,6,14,3,2022,23,9957000622,29,405.46,24,1.0
179,5,4,11,2022,15,9957000766,43,965.53,19,0.0
180,7,1,5,2022,19,9957000088,64,1937.32,13,1.0
181,8,1,7,2022,11,9957000584,57,2429.45,5,1.0
182,4,19,2,2022,15,9957000893,40,1781.43,9,0.0
183,0,31,6,2022,12,9957000542,58,1610.35,13,1.0
184,18,16,6,2022,3,9957000684,16,4819.94,1,1.0
185,9,14,11,2022,17,9957000309,34,3211.48,25,1.0
186,11,21,3,2022,3,9957000906,29,126.93,15,1.0
187,23,16,6,2022,19,9957000343,66,2156.58,4,1.0
188,14,5,10,2022,20,9957000436,18,4376.29,4,1.0
189,21,9,10,2022,4,9957000177,36,1514.27,20,1.0
190,23,26,5,2022,3,9957000139,64,481.84,10,1.0
191,8,30,12,2022,16,9957000194,52,3794.34,28,1.0
192,19,28,2,2022,12,9957000186,37,3034.01,25,1.0
193,16,2,9,2022,8,9957000218,73,2855.86,6,1.0
194,16,18,8,2022,24,9957000164,40,277.35,27,1.0
195,19,6,3,2022,17,9957000161,65,711.09,24,1.0
196,11,31,8,2022,7,9957000943,25,3116.52,12,1.0
197,6,9,9,2022,11,9957000525,42,1047.04,20,1.0
198,1,1,3,2022,18,9957000808,70,2525.31,16,1.0
199,2,9,3,2022,1,9957000601,16,2728.96,3,1.0
200,16,25,2,2022,3,9957000836,73,1424.7,14,1.0
201,4,16,8,2022,4,9957000042,22,4742.64,1,1.0
202,16,13,10,2022,13,9957000915,43,4213.9,10,1.0
203,23,9,1,2022,6,9957000210,25,3614.64,15,1.0
204,16,21,8,2022,14,9957000741,51,399.19,7,1.0
205,16,13,7,2022,5,9957000862,32,539.59,4,1.0
206,1,31,7,2022,16,9957000275,69,2468.98,14,1.0
207,1,9,3,2022,15,9957000954,64,811.96,24,0.0
208,21,11,1,2022,15,9957000279,28,4891.54,16,1.0
209,22,4,4,2022,4,9957000251,68,801.02,14,0.0
210,4,2,9,2022,8,9957000310,24,2442.46,3,1.0
211,0,29,5,2022,16,9957000720,49,1826.96,17,1.0
212,0,6,1,2022,16,9957000833,23,3200.54,21,1.0
213,18,14,5,2022,4,9957000140,49,653.89,14,1.0
214,1,4,8,2022,13,9957000792,25,2157.28,18,1.0
215,20,6,8,2022,13,9957000546,58,1380.78,3,0.0
216,11,19,5,2022,2,9957000821,26,4439.88,22,1.0
217,5,6,12,2022,3,9957000904,17,212.52,19,1.0
218,22,2,9,2022,22,9957000530,67,4569.5,3,1.0
219,3,18,1,2022,8,9957000057,53,4166.64,12,1.0
220,22,13,4,2022,24,9957000112,28,1494.88,22,1.0
221,10,9,3,2022,15,9957000005,70,3948.56,5,0.0
222,23,23,2,2022,11,9957000410,42,165.76,10,1.0
223,16,19,8,2022,9,9957000414,25,4834.66,9,1.0
224,5,13,7,2022,7,9957000182,53,2637.71,1,0.0
225,23,11,9,2022,13,9957000013,39,1523.37,13,1.0
226,4,1,2,2022,2,9957000339,35,1819.29,3,0.0
227,19,24,4,2022,8,9957000797,24,341.36,19,1.0
228,1,30,6,2022,7,9957000259,57,4946.85,11,1.0
229,5,22,11,2022,24,9957000090,29,206.07,16,1.0
230,21,7,3,2022,12,9957000616,33,3277.99,6,1.0
231,10,25,8,2022,19,9957000891,62,2219.25,24,1.0
232,15,21,3,2022,7,9957000698,36,4745.09,3,1.0
233,15,15,12,2022,10,9957000250,35,1237.54,19,1.0
234,0,1,2,2022,25,9957000255,74,2665.11,6,1.0
235,8,12,3,2022,16,9957000588,66,2416.96,8,0.0
236,5,26,11,2022,3,9957000898,58,3517.3,22,1.0
237,15,7,6,2022,10,9957000971,46,349.37,13,1.0
238,2,15,2,2022,6,9957000108,64,977.01,12,1.0
239,19,21,8,2022,18,9957000668,37,1080.68,10,1.0
240,3,19,1,2022,18,9957000594,27,3693.37,3,1.0
241,18,28,7,2022,5,9957000589,19,953.8,4,1.0
242,2,29,2,2022,21,9957000485,18,2871.72,1,1.0
243,18,25,10,2022,7,9957000982,42,1084.07,13,0.0
244,19,1,12,2022,2,9957000972,28,4309.51,24,1.0
245,6,17,6,2022,11,9957000258,22,4711.51,4,1.0
246,19,17,12,2022,13,9957000639,23,2597.28,22,1.0
247,8,3,2,2022,23,9957000997,71,1768.02,11,1.0
248,0,12,2,2022,5,9957000903,65,1177.95,19,1.0
249,7,6,10,2022,6,9957000282,49,258.41,11,0.0
250,6,26,8,2022,24,9957000986,51,1349.82,12,1.0
251,17,11,12,2022,14,9957000088,35,3274.64,11,1.0
252,7,3,2,2022,12,9957000204,72,2672.75,6,1.0
253,0,8,7,2022,4,9957000016,32,4720.77,12,1.0
254,10,14,3,2022,23,9957000151,47,1987.42,27,1.0
255,17,14,8,2022,6,9957000936,22,3472.38,9,1.0
256,22,10,7,2022,10,9957000254,65,2451.72,25,1.0
257,9,2,8,2022,18,9957000188,63,2567.76,10,1.0
258,2,14,7,2022,15,9957000329,31,1346.19,3,1.0
259,6,9,11,2022,8,9957000544,57,2280.2,3,1.0
260,15,3,6,2022,9,9957000783,45,2359.22,20,1.0
261,15,21,7,2022,5,9957000997,48,3536.15,28,1.0
262,19,26,5,2022,10,9957000397,20,4703.79,23,1.0
263,16,8,7,2022,20,9957000517,36,1653.31,16,1.0
264,1,16,1,2022,6,9957000459,28,220.58,3,1.0
265,0,2,1,2022,16,9957000330,17,2486.51,10,1.0
266,15,6,9,2022,24,9957000820,26,2726.86,24,1.0
267,11,28,5,2022,3,9957000845,50,850.52,11,1.0
268,4,21,5,2022,10,9957000169,26,3804.72,8,1.0
269,4,29,3,2022,11,9957000693,59,4924.8,6,1.0
270,22,26,5,2022,11,9957000366,16,4729.42,20,1.0
271,8,25,3,2022,17,9957000178,16,993.56,11,1.0
272,8,12,9,2022,4,9957000655,29,4378.06,28,0.0
273,2,5,9,2022,4,9957000362,37,3525.42,27,1.0
274,18,2,6,2022,17,9957000760,43,2274.69,21,0.0
275,15,16,1,2022,9,9957000639,31,2707.65,12,1.0
276,15,5,7,2022,19,9957000775,46,4249.5,16,0.0
277,2,15,7,2022,5,9957000040,21,2405.87,18,1.0
278,19,12,10,2022,22,9957000924,44,1872.3,13,1.0
279,23,4,10,2022,24,9957000416,42,2471.3,22,1.0
280,21,15,4,2022,6,9957000355,28,2899.86,3,1.0
281,23,11,8,2022,3,9957000255,58,953.5,15,1.0
282,0,16,6,2022,22,9957000143,44,4505.53,22,1.0
283,23,23,4,2022,1,9957000752,31,3374.19,28,1.0
284,19,6,4,2022,20,9957000740,46,3170.01,21,1.0
285,10,14,2,2022,22,9957000853,60,506.49,14,1.0
286,16,18,2,2022,16,9957000710,20,3024.83,18,0.0
287,7,12,12,2022,23,9957000577,65,613.59,28,1.0
288,3,27,4,2022,11,9957000900,38,402.7,14,1.0
289,5,11,5,2022,13,9957000011,20,2641.28,5,1.0
290,7,13,8,2022,10,9957000620,41,2019.9,21,1.0
291,19,21,6,2022,3,9957000026,32,2948.16,14,1.0
292,2,23,4,2022,9,9957000957,38,455.22,25,1.0
293,15,11,11,2022,12,9957000421,51,2160.61,27,1.0
294,2,23,7,2022,23,9957000663,70,882.19,8,0.0
295,17,16,8,2022,14,9957000221,38,4935.63,28,1.0
296,13,15,2,2022,1,9957000853,52,2810.14,28,1.0
297,17,21,12,2022,18,9957000496,48,3440.31,23,1.0
298,1,28,7,2022,17,9957000237,54,1633.84,15,1.0
299,21,15,2,2022,9,9957000237,61,482.75,28,1.0
300,2,25,2,2022,9,9957000219,29,4879.6,15,1.0
301,15,4,8,2022,23,9957000487,25,1438.43,19,1.0
302,8,11,2,2022,10,9957000936,36,2124.8,26,1.0
303,3,19,11,2022,19,9957000461,68,3252.82,20,1.0
304,0,15,9,2022,15,9957000663,38,133.24,6,1.0
305,3,4,12,2022,5,9957000635,15,4053.19,19,1.0
306,0,21,1,2022,15,9957000144,32,2687.53,27,1.0
307,13,13,9,2022,20,9957000990,58,1398.3,25,1.0
308,20,22,1,2022,23,9957000189,26,317.42,8,1.0
309,15,19,10,2022,25,9957000255,71,820.87,6,1.0
310,19,2,10,2022,2,9957000068,57,4476.22,20,1.0
311,23,14,2,2022,13,9957000616,42,3433.26,23,1.0
312,7,29,6,2022,24,9957000336,54,1257.01,15,1.0
313,6,4,6,2022,16,9957000671,74,337.35,27,1.0
314,2,16,1,2022,15,9957000821,21,3456.17,3,1.0
315,16,21,7,2022,25,9957000874,37,2866.31,10,1.0
316,0,20,8,2022,10,9957000409,35,2028.55,15,1.0
317,15,14,2,2022,14,9957000300,48,1824.42,24,0.0
318,11,27,8,2022,10,9957000908,25,1091.9,16,1.0
319,18,29,9,2022,25,9957000602,36,3351.36,17,1.0
320,21,15,6,2022,14,9957000357,56,4853.63,19,1.0
321,22,28,5,2022,23,9957000256,49,886.82,11,1.0
322,21,3,12,2022,9,9957000353,66,2989.61,16,1.0
323,13,8,9,2022,25,9957000732,43,2126.68,5,1.0
324,5,16,12,2022,14,9957000521,56,2238.98,5,0.0
325,5,10,11,2022,3,9957000524,42,1278.19,26,1.0
326,12,4,9,2022,20,9957000837,73,4127.42,14,0.0
327,18,30,1,2022,16,9957000950,32,2431.43,18,1.0
328,21,18,11,2022,2,9957000756,28,2721.6,26,0.0
329,7,2,3,2022,10,9957000694,32,1530.76,8,0.0
330,1,17,9,2022,3,9957000284,42,917.22,5,1.0
331,20,13,11,2022,11,9957000312,38,438.69,7,0.0
332,0,4,2,2022,11,9957000099,22,3573.45,16,1.0
333,14,26,12,2022,21,9957000197,56,989.21,23,0.0
334,0,25,4,2022,21,9957000482,68,3453.48,14,0.0
335,4,30,4,2022,22,9957000878,59,1957.98,5,1.0
336,15,11,2,2022,13,9957000226,67,2084.72,24,0.0
337,18,7,3,2022,7,9957000845,22,2351.2,9,1.0
338,3,31,3,2022,23,9957000615,18,1844.87,4,1.0
339,2,12,1,2022,17,9957000618,41,512.09,4,1.0
340,16,10,6,2022,2,9957000365,50,1555.06,16,1.0
341,16,7,8,2022,12,9957000368,19,3322.03,24,1.0
342,11,13,12,2022,25,9957000570,47,3332.26,17,0.0
343,13,31,3,2022,10,9957000590,63,1438.26,15,1.0
344,20,7,5,2022,18,9957000075,48,2305.91,4,1.0
345,5,31,1,2022,22,9957000042,44,975.3,6,1.0
346,2,24,10,2022,11,9957000422,22,1059.76,16,1.0
347,8,17,7,2022,16,9957000836,53,125.0,4,1.0
348,4,10,10,2022,17,9957000181,61,4484.77,6,1.0
349,23,29,1,2022,19,9957000545,40,1061.43,5,1.0
350,16,10,12,2022,18,9957000071,71,1145.39,16,0.0
351,13,24,11,2022,3,9957000568,51,1405.21,25,1.0
352,20,4,9,2022,21,9957000105,48,645.77,16,1.0
353,2,20,8,2022,16,9957000200,21,3199.92,10,1.0
354,0,4,7,2022,6,9957000101,54,384.96,9,1.0
355,19,22,10,2022,25,9957000768,42,679.67,4,1.0
356,20,7,7,2022,12,9957000307,53,3227.34,14,1.0
357,22,22,5,2022,11,9957000586,53,1704.91,4,1.0
358,0,1,5,2022,15,9957000683,42,3542.66,12,1.0
359,2,12,11,2022,15,9957000377,28,2791.55,24,0.0
360,17,24,5,2022,16,9957000655,67,1287.55,10,1.0
361,9,13,1,2022,10,9957000678,64,3257.63,4,1.0
362,21,10,8,2022,12,9957000399,52,590.21,18,1.0
363,2,15,12,2022,13,9957000773,18,2686.69,13,1.0
364,7,27,11,2022,4,9957000221,56,2191.37,13,1.0
365,13,13,1,2022,7,9957000595,32,1346.69,14,1.0
366,23,23,4,2022,22,9957000182,58,3023.98,18,1.0
367,17,22,9,2022,2,9957000307,62,4357.95,1,1.0
368,14,22,9,2022,15,9957000522,39,4994.53,21,1.0
369,21,21,5,2022,8,9957000396,21,3042.74,16,1.0
370,22,22,4,2022,7,9957000004,52,2029.48,15,1.0
371,1,28,3,2022,15,9957000863,42,1133.78,22,0.0
372,9,9,3,2022,23,9957000914,19,1292.91,25,1.0
373,1,26,12,2022,14,9957000848,17,2402.48,5,1.0
374,16,9,5,2022,8,9957001000,58,1842.72,6,1.0
375,7,15,10,2022,12,9957000804,45,4569.93,6,1.0
376,0,10,1,2022,13,9957000281,61,1847.79,3,0.0
377,8,24,5,2022,11,9957000215,56,1873.49,16,1.0
378,10,26,6,2022,17,9957000972,72,1923.84,12,1.0
379,21,25,7,2022,17,9957000610,34,4184.73,4,1.0
380,15,29,12,2022,24,9957000420,33,3257.43,1,1.0
381,6,10,9,2022,4,9957000101,62,3074.7,4,1.0
382,9,8,3,2022,21,9957000963,74,1677.37,1,1.0
383,22,24,2,2022,8,9957000521,25,4091.34,21,1.0
384,2,16,3,2022,5,9957000573,54,201.44,27,1.0
385,17,17,12,2022,16,9957000309,17,4355.28,27,1.0
386,23,26,9,2022,4,9957000658,37,2568.62,8,1.0
387,12,27,12,2022,22,9957000939,21,1997.27,24,0.0
388,6,5,7,2022,15,9957000931,37,2490.86,5,1.0
389,3,4,9,2022,12,9957000510,75,3340.4,26,1.0
390,12,18,2,2022,5,9957000063,21,73.7,2,1.0
391,19,24,5,2022,23,9957000633,60,4359.04,12,1.0
392,0,19,4,2022,16,9957000226,48,2239.23,22,0.0
393,7,4,2,2022,14,9957000105,56,1721.4,17,1.0
394,13,28,9,2022,10,9957000974,33,699.85,7,1.0
395,15,7,9,2022,7,9957000772,72,2202.93,11,1.0
396,13,10,6,2022,13,9957000861,23,2486.65,4,0.0
397,11,25,11,2022,20,9957000425,62,2024.2,5,1.0
398,18,18,6,2022,5,9957000255,65,3396.51,6,0.0
399,22,19,8,2022,3,9957000429,32,2110.27,11,0.0
400,14,4,6,2022,15,9957000434,55,4807.47,1,1.0
401,1,10,1,2022,4,9957000207,62,3000.39,25,0.0
402,1,1,4,2022,15,9957000028,59,4039.31,10,1.0
403,22,23,7,2022,14,9957000682,56,555.69,20,1.0
404,21,18,2,2022,20,9957000336,39,1992.48,24,1.0
405,18,5,9,2022,19,9957000588,66,1690.87,21,1.0
406,21,15,8,2022,13,9957000628,28,2851.72,11,1.0
407,21,17,8,2022,10,9957000069,58,4306.96,24,0.0
408,16,3,7,2022,21,9957000866,39,400.91,17,1.0
409,19,12,4,2022,5,9957000746,33,372.15,8,1.0
410,9,2,2,2022,23,9957000513,53,4253.09,27,1.0
411,5,1,3,2022,20,9957000167,69,1072.12,13,1.0
412,14,23,12,2022,20,9957000864,29,3347.08,27,1.0
413,21,21,6,2022,25,9957000730,30,2718.96,20,1.0
414,10,17,12,2022,6,9957000785,41,4166.14,18,1.0
415,4,22,12,2022,4,9957000368,54,634.19,27,1.0
416,0,16,5,2022,2,9957000251,24,657.62,22,1.0
417,7,5,12,2022,22,9957000859,18,2788.52,16,0.0
418,20,15,8,2022,16,9957000856,65,4732.43,2,0.0
419,11,3,6,2022,18,9957000931,33,2080.84,5,1.0
420,11,28,6,2022,5,9957000686,42,1641.44,18,1.0
421,4,7,1,2022,22,9957000170,35,3037.38,3,1.0
422,6,11,4,2022,4,9957000758,73,4652.94,27,1.0
423,3,10,5,2022,13,9957000935,61,4186.27,22,1.0
424,5,9,12,2022,19,9957000090,28,4977.46,17,1.0
425,12,14,11,2022,23,9957000561,47,122.62,16,1.0
426,19,13,3,2022,2,9957000446,62,573.16,6,0.0
427,14,29,9,2022,13,9957000294,24,3051.24,19,1.0
428,2,25,1,2022,11,9957000919,33,4104.68,7,1.0
429,22,30,6,2022,22,9957000150,44,1433.37,18,1.0
430,7,25,6,2022,4,9957000132,36,1203.66,14,1.0
431,19,2,10,2022,22,9957000433,17,3937.01,6,1.0
432,15,3,5,2022,20,9957000059,51,291.35,8,1.0
433,12,7,12,2022,20,9957000969,55,1853.22,15,1.0
434,17,21,5,2022,15,9957000836,32,2533.99,15,1.0
435,9,18,10,2022,4,9957000199,25,2806.14,15,1.0
436,18,3,5,2022,9,9957000215,62,3645.79,16,1.0
437,16,10,6,2022,7,9957000898,16,1780.68,1,0.0
438,23,22,8,2022,19,9957000561,26,3067.29,11,0.0
439,18,29,2,2022,19,9957000472,68,2931.02,27,0.0
440,22,7,6,2022,6,9957000744,20,2742.6,25,1.0
441,4,9,1,2022,6,9957000247,57,3206.01,5,1.0
442,20,17,4,2022,20,9957000382,73,1304.65,5,1.0
443,22,11,10,2022,15,9957000991,54,432.4,28,1.0
444,8,7,3,2022,15,9957000239,58,605.17,21,1.0
445,11,24,9,2022,25,9957000927,43,1130.67,6,1.0
446,20,28,3,2022,20,9957000367,73,2505.99,2,1.0
447,0,14,6,2022,9,9957000168,44,4203.81,6,1.0
448,0,19,1,2022,4,9957000560,16,3509.45,14,0.0
449,14,4,12,2022,18,9957000051,23,3947.31,11,1.0
450,1,26,6,2022,18,9957000811,61,1761.37,4,0.0
451,21,6,4,2022,5,9957000610,16,2029.22,24,0.0
452,15,10,8,2022,20,9957000951,43,1974.47,27,1.0
453,7,7,11,2022,23,9957000728,47,967.45,25,1.0
454,12,13,9,2022,11,9957000689,24,315.47,9,1.0
455,20,14,4,2022,5,9957000380,48,2958.67,24,0.0
456,0,4,10,2022,22,9957000474,58,4946.19,3,1.0
457,15,8,12,2022,4,9957000080,69,842.48,26,1.0
458,6,5,10,2022,12,9957000697,22,242.96,16,1.0
459,4,1,6,2022,2,9957000367,51,3899.86,11,1.0
460,21,4,1,2022,13,9957000461,68,1270.4,27,1.0
461,22,3,4,2022,10,9957000911,74,4149.92,4,1.0
462,2,9,7,2022,9,9957000539,47,3522.64,1,1.0
463,11,8,12,2022,10,9957000452,61,4728.91,25,1.0
464,15,1,1,2022,7,9957000464,20,2050.55,21,1.0
465,18,27,8,2022,4,9957000960,58,3313.23,22,1.0
466,4,6,12,2022,19,9957000478,54,2329.63,16,1.0
467,21,9,10,2022,10,9957000926,59,3156.64,19,1.0
468,13,7,12,2022,3,9957000420,33,2253.5,16,1.0
469,4,4,11,2022,25,9957000707,46,951.27,11,1.0
470,14,13,6,2022,21,9957000214,41,2544.41,26,1.0
471,16,17,5,2022,19,9957000369,15,2647.64,8,1.0
472,13,28,10,2022,21,9957000854,57,4054.91,23,1.0
473,19,2,11,2022,2,9957000114,66,3680.25,1,1.0
474,4,28,9,2022,20,9957000754,47,3322.32,26,1.0
475,11,5,2,2022,10,9957000503,54,575.8,28,1.0
476,15,12,5,2022,2,9957000636,46,3605.88,21,1.0
477,15,27,6,2022,2,9957000817,19,2506.52,26,1.0
478,20,21,7,2022,24,9957000588,31,4471.56,9,0.0
479,6,8,5,2022,17,9957000311,22,4600.16,28,1.0
480,3,6,9,2022,16,9957000469,71,285.23,27,1.0
481,0,8,1,2022,16,9957000824,56,4105.0,12,0.0
482,4,18,7,2022,14,9957000708,48,198.11,22,1.0
483,22,3,10,2022,7,9957000863,23,1842.18,8,1.0
484,9,22,7,2022,21,9957000044,70,2716.08,26,1.0
485,21,12,4,2022,11,9957000415,37,749.02,17,1.0
486,4,29,9,2022,24,9957000698,49,3734.11,10,1.0
487,3,26,12,2022,1,9957000855,64,51.69,27,1.0
488,1,3,11,2022,11,9957000246,21,851.31,7,0.0
489,19,22,5,2022,23,9957000949,29,2908.18,19,0.0
490,9,6,4,2022,21,9957000084,67,3574.79,25,1.0
491,18,2,7,2022,4,9957000207,68,4584.05,6,1.0
492,0,23,4,2022,7,9957000151,34,3530.43,21,0.0
493,23,12,3,2022,15,9957000668,64,3362.18,24,0.0
494,4,2,9,2022,18,9957000528,39,1977.76,24,1.0
495,12,6,11,2022,12,9957000165,17,16.41,28,1.0
496,3,17,8,2022,17,9957000917,74,609.59,28,1.0
497,15,3,1,2022,1,9957000975,69,2677.43,19,0.0
498,23,2,7,2022,11,9957000145,60,3378.9,18,1.0
499,15,23,9,2022,1,9957000037,38,2093.07,15,1.0
500,22,30,8,2022,15,9957000333,48,3656.09,2,1.0
501,1,20,8,2022,21,9957000403,60,2614.09,14,0.0
502,16,8,6,2022,10,9957000414,36,380.14,21,1.0
503,19,22,11,2022,7,9957000045,25,968.16,10,0.0
504,23,12,4,2022,2,9957000402,62,4201.59,28,1.0
505,11,26,8,2022,10,9957000206,22,3627.31,16,1.0
506,17,4,3,2022,24,9957000062,53,4474.86,7,1.0
507,2,5,9,2022,4,9957000420,57,596.61,8,1.0
508,0,13,2,2022,12,9957000868,49,4951.21,10,0.0
509,0,29,2,2022,19,9957000468,63,1054.94,15,1.0
510,18,31,12,2022,11,9957000820,60,68.78,8,1.0
511,10,15,12,2022,8,9957000019,52,4987.14,13,0.0
512,4,25,7,2022,18,9957000365,22,1412.56,12,1.0
513,11,23,12,2022,11,9957000300,68,3343.42,8,0.0
514,2,16,10,2022,11,9957000007,51,891.64,15,1.0
515,0,10,4,2022,13,9957000761,41,2905.34,26,0.0
516,0,30,10,2022,3,9957000428,42,4521.13,12,1.0
517,7,30,8,2022,12,9957000117,54,1607.7,11,1.0
518,9,25,9,2022,3,9957000580,48,3354.57,19,1.0
519,10,23,7,2022,10,9957000507,46,947.64,14,1.0
520,11,16,5,2022,17,9957000546,29,3127.73,27,1.0
521,12,12,8,2022,22,9957000706,58,1688.89,18,1.0
522,11,17,4,2022,2,9957000325,31,1063.93,13,0.0
523,13,16,2,2022,17,9957000055,47,1572.78,4,1.0
524,1,12,11,2022,16,9957000778,61,902.42,17,1.0
525,18,8,12,2022,2,9957000992,60,4510.56,19,1.0
526,17,20,6,2022,22,9957000042,66,1991.96,27,1.0
527,2,3,9,2022,20,9957000297,68,1233.94,9,0.0
528,22,16,1,2022,6,9957000973,30,2247.56,23,1.0
529,16,30,11,2022,25,9957000231,43,1609.48,7,1.0
530,7,13,10,2022,10,9957000453,23,3724.65,1,1.0
531,9,23,12,2022,10,9957000890,47,4856.39,7,1.0
532,1,28,7,2022,8,9957000394,74,2195.79,26,1.0
533,18,19,10,2022,1,9957000522,63,4306.56,7,1.0
534,8,8,9,2022,13,9957000358,43,2833.66,20,1.0
535,6,22,10,2022,24,9957000987,27,794.61,7,0.0
536,3,5,9,2022,9,9957000444,35,3456.21,8,1.0
537,20,20,10,2022,22,9957000128,72,2572.04,16,1.0
538,17,8,11,2022,10,9957000691,35,3256.53,3,1.0
539,12,24,3,2022,15,9957000405,19,4449.54,13,1.0
540,10,12,11,2022,5,9957000392,24,2207.77,10,1.0
541,23,1,5,2022,22,9957000193,20,4506.88,18,1.0
542,3,25,8,2022,16,9957000604,70,3755.84,7,0.0
543,20,30,8,2022,13,9957000881,65,2448.14,21,1.0
544,3,21,4,2022,22,9957000743,71,3020.08,21,1.0
545,9,20,12,2022,25,9957000078,27,1634.65,5,1.0
546,4,6,11,2022,20,9957000085,15,4918.15,23,1.0
547,8,22,11,2022,18,9957000030,34,3340.08,25,1.0
548,23,18,1,2022,11,9957000725,71,228.8,27,1.0
549,2,8,1,2022,9,9957000049,61,1639.84,24,1.0
550,16,7,4,2022,16,9957000777,60,3120.34,22,1.0
551,2,1,6,2022,2,9957000145,22,291.1,7,1.0
552,15,21,8,2022,25,9957000069,24,129.18,25,1.0
553,3,16,6,2022,2,9957000058,23,2255.62,27,1.0
554,17,12,12,2022,12,9957000697,63,1670.12,22,1.0
555,16,6,9,2022,8,9957000574,55,2197.11,17,0.0
556,6,20,9,2022,9,9957000479,17,1320.84,4,1.0
557,23,2,2,2022,12,9957000820,25,831.94,24,1.0
558,22,29,10,2022,9,9957000445,26,3448.83,23,1.0
559,4,14,1,2022,10,9957000296,24,2577.71,16,1.0
560,11,4,2,2022,25,9957000678,39,1008.77,19,0.0
561,16,1,5,2022,2,9957000171,63,1604.75,10,1.0
562,22,23,4,2022,16,9957000575,63,2963.12,3,0.0
563,12,18,4,2022,20,9957000147,39,370.42,27,0.0
564,22,13,9,2022,7,9957000484,25,745.79,3,1.0
565,2,2,11,2022,2,9957000306,68,375.5,28,1.0
566,8,9,8,2022,1,9957000673,50,4063.46,17,0.0
567,16,21,6,2022,19,9957000653,53,3764.52,10,0.0
568,16,2,1,2022,4,9957000846,67,3769.03,17,1.0
569,19,27,2,2022,24,9957000609,40,3584.46,22,1.0
570,15,25,6,2022,22,9957000446,28,3350.23,17,0.0
571,21,9,11,2022,2,9957000221,53,2390.19,21,1.0
572,12,1,2,2022,25,9957000555,70,3214.97,4,1.0
573,18,11,10,2022,14,9957000945,54,201.42,21,1.0
574,16,3,5,2022,2,9957000804,15,3111.11,23,1.0
575,3,20,5,2022,15,9957000378,70,3891.61,6,0.0
576,11,30,6,2022,12,9957000620,68,2506.79,12,0.0
577,8,23,6,2022,5,9957000266,18,1793.99,25,1.0
578,18,26,6,2022,20,9957000095,75,1394.36,22,1.0
579,11,4,2,2022,7,9957000262,44,3217.58,25,1.0
580,8,18,10,2022,24,9957000825,26,3467.08,20,0.0
581,6,23,3,2022,21,9957000897,70,4356.13,17,1.0
582,13,6,6,2022,10,9957000071,49,1718.25,17,1.0
583,19,3,8,2022,14,9957000954,27,3851.16,10,1.0
584,18,22,12,2022,14,9957000219,66,2811.17,7,1.0
585,14,11,11,2022,5,9957000533,45,4415.35,16,1.0
586,15,15,12,2022,18,9957000092,52,2643.78,13,1.0
587,20,22,1,2022,24,9957000127,57,2592.97,3,1.0
588,4,28,1,2022,14,9957000080,37,2893.61,2,1.0
589,2,5,11,2022,2,9957000824,18,3749.08,16,1.0
590,11,20,2,2022,12,9957000238,66,4823.81,6,1.0
591,19,10,11,2022,22,9957000983,30,377.08,6,1.0
592,20,12,12,2022,24,9957000372,21,276.64,13,0.0
593,3,15,12,2022,6,9957000916,36,4688.38,7,1.0
594,20,17,6,2022,4,9957000486,43,2654.08,5,1.0
595,22,10,9,2022,13,9957000694,25,3078.37,24,1.0
596,15,6,4,2022,4,9957000025,70,2417.29,7,0.0
597,6,18,3,2022,22,9957000156,47,477.35,2,1.0
598,12,13,12,2022,14,9957000517,72,3842.77,17,1.0
599,20,3,8,2022,16,9957000632,43,3738.65,13,1.0
600,9,30,11,2022,4,9957000789,73,1565.4,25,1.0
601,6,24,10,2022,24,9957000530,53,1538.13,21,0.0
602,13,10,9,2022,25,9957000943,26,4190.83,28,1.0
603,4,30,12,2022,1,9957000710,21,371.06,27,1.0
604,2,14,11,2022,13,9957000057,73,4406.71,21,1.0
605,22,6,5,2022,4,9957000605,69,1290.74,28,1.0
606,10,3,9,2022,20,9957000019,53,2968.99,16,1.0
607,10,16,2,2022,18,9957000384,56,4680.61,26,1.0
608,17,7,3,2022,6,9957000865,62,3393.83,20,0.0
609,14,20,7,2022,3,9957000193,40,2078.0,2,1.0
610,11,14,7,2022,23,9957000237,54,3450.78,5,1.0
611,8,9,6,2022,13,9957000387,23,1726.46,18,1.0
612,9,15,6,2022,16,9957000426,55,1393.52,28,1.0
613,11,21,2,2022,5,9957000277,48,4983.45,7,0.0
614,16,3,10,2022,4,9957000227,59,3756.44,11,0.0
615,5,2,6,2022,21,9957000745,27,3227.15,25,0.0
616,6,27,4,2022,8,9957000552,69,1782.9,25,0.0
617,13,2,12,2022,19,9957000323,69,255.31,11,1.0
618,12,3,3,2022,14,9957000153,50,164.97,22,1.0
619,7,18,11,2022,7,9957000639,39,2775.36,17,1.0
620,9,14,2,2022,14,9957000237,38,3812.54,16,1.0
621,8,20,1,2022,6,9957000998,58,2691.52,13,1.0
622,17,18,11,2022,12,9957000055,31,4205.52,22,1.0
623,1,10,11,2022,16,9957000980,16,176.8,5,1.0
624,4,25,5,2022,17,9957000436,27,1840.09,20,1.0
625,4,2,2,2022,13,9957000684,45,1192.98,16,1.0
626,5,25,2,2022,23,9957000109,43,2241.89,28,0.0
627,18,29,7,2022,14,9957000866,64,371.16,22,1.0
628,7,22,8,2022,7,9957000981,42,4771.12,22,0.0
629,15,1,10,2022,14,9957000184,74,1124.04,16,1.0
630,12,4,8,2022,15,9957000951,41,4612.32,16,1.0
631,0,31,4,2022,12,9957000368,29,2135.21,14,1.0
632,21,14,1,2022,17,9957000983,45,4927.77,6,1.0
633,19,1,11,2022,9,9957000198,54,2774.75,2,0.0
634,16,14,7,2022,22,9957000371,29,4654.86,14,1.0
635,6,16,1,2022,15,9957000373,47,36.69,16,1.0
636,12,22,11,2022,12,9957000973,34,3743.71,23,0.0
637,3,14,4,2022,2,9957000497,56,4516.22,20,1.0
638,3,29,8,2022,5,9957000599,26,707.21,13,1.0
639,5,20,2,2022,13,9957000201,51,489.67,15,0.0
640,18,3,6,2022,20,9957000849,23,2128.62,12,1.0
641,11,3,6,2022,23,9957000509,37,4669.06,9,1.0
642,21,9,12,2022,8,9957000322,22,2716.51,26,1.0
643,6,6,9,2022,14,9957000275,46,2642.01,18,1.0
644,9,25,5,2022,15,9957000211,62,714.22,21,1.0
645,18,13,10,2022,11,9957000504,28,13.94,14,1.0
646,6,21,4,2022,1,9957000903,41,4052.6,20,1.0
647,2,2,5,2022,21,9957000118,39,447.0,25,1.0
648,12,8,12,2022,3,9957000703,27,3172.91,4,1.0
649,12,21,12,2022,17,9957000554,69,4573.94,8,1.0
650,17,2,10,2022,19,9957000042,35,1051.17,8,1.0
651,19,4,11,2022,14,9957000315,59,3329.71,22,1.0
652,7,25,5,2022,22,9957000788,45,402.71,22,1.0
653,8,15,8,2022,23,9957000329,51,3022.74,16,1.0
654,6,4,10,2022,8,9957000017,62,828.02,27,1.0
655,0,13,12,2022,13,9957000283,72,3682.41,24,1.0
656,2,28,8,2022,20,9957000943,57,1513.14,28,1.0
657,12,12,2,2022,3,9957000258,68,2322.32,28,0.0
658,16,28,7,2022,5,9957000575,19,3001.16,10,1.0
659,23,13,8,2022,9,9957000574,27,864.65,25,1.0
660,0,31,11,2022,6,9957000612,42,3710.77,21,0.0
661,5,14,6,2022,25,9957000019,57,1520.18,27,0.0
662,20,20,5,2022,22,9957000529,39,3315.24,17,1.0
663,5,18,11,2022,2,9957000837,65,799.83,1,1.0
664,11,29,9,2022,13,9957000423,49,3443.71,18,0.0
665,12,28,3,2022,5,9957000466,61,649.66,10,1.0
666,12,31,12,2022,25,9957000373,53,2132.53,26,1.0
667,14,6,10,2022,8,9957000758,21,1243.56,21,0.0
668,20,29,4,2022,23,9957000763,52,3744.39,4,0.0
669,15,11,9,2022,1,9957000967,46,1317.55,1,0.0
670,21,30,6,2022,20,9957000081,17,4409.77,4,1.0
671,20,2,8,2022,12,9957000551,59,4460.18,4,0.0
672,10,28,7,2022,23,9957000548,53,990.24,26,1.0
673,4,23,11,2022,11,9957000424,51,3073.09,4,1.0
674,3,19,2,2022,7,9957000429,69,447.71,17,1.0
675,2,31,3,2022,15,9957000388,64,1963.77,9,1.0
676,18,19,1,2022,22,9957000998,36,3569.48,19,1.0
677,19,5,9,2022,24,9957000921,22,3300.52,13,1.0
678,17,19,7,2022,11,9957000709,31,3127.26,4,1.0
679,14,2,1,2022,22,9957000670,66,1419.88,5,1.0
680,8,10,3,2022,16,9957000204,41,1896.34,13,1.0
681,16,25,4,2022,3,9957000196,47,523.7,23,1.0
682,13,2,4,2022,20,9957000728,60,3597.92,16,1.0
683,14,30,5,2022,14,9957000285,31,2524.41,22,1.0
684,0,11,3,2022,3,9957000969,56,3546.74,5,1.0
685,20,18,3,2022,1,9957000196,26,1252.23,8,1.0
686,21,29,1,2022,21,9957000307,62,1628.95,16,1.0
687,21,31,7,2022,15,9957000664,60,1677.73,1,1.0
688,2,24,11,2022,1,9957000014,41,138.45,23,0.0
689,15,15,10,2022,17,9957000837,62,1711.83,28,1.0
690,22,9,1,2022,2,9957000146,22,4018.49,6,1.0
691,10,23,2,2022,20,9957000938,37,4487.52,11,1.0
692,11,19,4,2022,6,9957000057,74,2595.91,16,1.0
693,9,9,4,2022,8,9957000723,56,2282.95,5,0.0
694,15,3,5,2022,16,9957000780,75,163.81,16,1.0
695,7,21,11,2022,19,9957000210,63,4397.23,7,0.0
696,5,9,2,2022,1,9957000529,73,74.92,19,1.0
697,11,28,4,2022,3,9957000798,43,4724.3,1,1.0
698,23,30,1,2022,3,9957000344,64,2451.19,9,1.0
699,20,14,2,2022,5,9957000715,34,1716.25,18,1.0
700,7,19,1,2022,12,9957000611,30,4621.85,13,1.0
701,3,7,10,2022,12,9957000279,31,131.71,26,1.0
702,7,16,10,2022,20,9957000209,30,2911.31,15,1.0
703,17,16,4,2022,13,9957000641,33,2749.17,3,1.0
704,4,28,4,2022,20,9957000335,70,1104.41,24,0.0
705,8,1,7,2022,9,9957000288,70,2150.15,28,1.0
706,3,4,10,2022,7,9957000252,22,3264.8,10,1.0
707,21,4,11,2022,4,9957000265,52,3638.38,9,1.0
708,16,7,11,2022,19,9957000271,52,13.58,13,1.0
709,8,8,9,2022,22,9957000924,67,4684.9,16,1.0
710,0,17,9,2022,19,9957000920,43,830.98,3,1.0
711,20,5,5,2022,6,9957000700,55,1175.57,22,1.0
712,19,7,10,2022,13,9957000419,50,1324.73,23,1.0
713,12,28,1,2022,11,9957000726,40,198.72,15,1.0
714,15,20,1,2022,13,9957000795,45,624.03,17,1.0
715,12,29,6,2022,13,9957000211,58,4931.89,14,1.0
716,13,20,2,2022,25,9957000365,74,1582.93,7,1.0
717,2,4,8,2022,22,9957000076,26,585.35,20,0.0
718,5,28,9,2022,20,9957000660,69,543.89,16,1.0
719,17,6,4,2022,15,9957000321,31,3600.11,21,1.0
720,18,7,5,2022,21,9957000725,29,4274.3,8,1.0
721,4,18,11,2022,13,9957000433,23,1292.19,4,1.0
722,14,31,8,2022,22,9957000109,53,114.34,20,1.0
723,1,5,3,2022,11,9957000641,56,1123.22,24,1.0
724,9,20,5,2022,19,9957000522,62,292.01,15,0.0
725,23,31,3,2022,8,9957000047,26,525.94,5,1.0
726,17,30,12,2022,20,9957000379,46,2163.23,13,1.0
727,12,29,10,2022,8,9957000827,39,1157.29,6,1.0
728,4,3,3,2022,10,9957000096,53,2584.57,28,1.0
729,22,7,3,2022,16,9957000958,32,1274.93,27,1.0
730,23,27,12,2022,19,9957000103,29,4703.28,5,1.0
731,0,28,7,2022,23,9957000892,46,4530.66,17,1.0
732,21,22,7,2022,11,9957000854,20,2838.36,7,0.0
733,0,14,7,2022,13,9957000146,72,1778.58,6,1.0
734,17,7,10,2022,9,9957000880,58,1911.92,2,0.0
735,14,5,8,2022,20,9957000942,57,2065.14,11,1.0
736,16,29,5,2022,24,9957000928,66,3640.62,7,1.0
737,10,22,5,2022,19,9957000027,49,2263.68,22,1.0
738,20,5,4,2022,16,9957000732,48,4285.08,21,0.0
739,21,30,7,2022,7,9957000530,52,4721.03,8,1.0
740,16,23,10,2022,19,9957000679,70,1686.37,5,1.0
741,12,2,4,2022,12,9957000945,68,2807.87,27,0.0
742,0,30,2,2022,15,9957000989,71,484.33,18,0.0
743,1,27,4,2022,23,9957000082,19,1010.34,22,1.0
744,8,21,8,2022,14,9957000428,32,2073.19,16,1.0
745,2,22,9,2022,11,9957000584,30,1038.95,14,1.0
746,0,6,3,2022,10,9957000822,22,4384.04,12,1.0
747,20,15,7,2022,11,9957000479,39,799.85,17,1.0
748,15,21,12,2022,6,9957000766,46,2283.75,5,1.0
749,22,10,9,2022,2,9957000162,40,3032.44,14,1.0
750,5,23,11,2022,11,9957000839,66,3462.4,6,1.0
751,16,26,4,2022,19,9957000932,36,1921.52,15,1.0
752,4,24,10,2022,6,9957000402,45,4346.8,7,1.0
753,4,7,3,2022,14,9957000508,57,2845.91,14,0.0
754,5,5,5,2022,20,9957000038,24,2203.14,18,1.0
755,2,1,1,2022,6,9957000955,70,345.53,1,1.0
756,20,13,3,2022,17,9957000511,71,2328.8,6,0.0
757,22,21,8,2022,10,9957000393,26,4105.47,3,0.0
758,4,26,11,2022,1,9957000713,67,3076.56,5,1.0
759,20,18,8,2022,3,9957000494,42,4162.49,12,1.0
760,4,13,4,2022,8,9957000200,20,2475.12,11,1.0
761,9,21,2,2022,8,9957000255,73,601.12,13,1.0
762,9,21,8,2022,20,9957000179,34,78.06,16,1.0
763,18,18,8,2022,22,9957000547,19,1523.07,18,1.0
764,16,5,10,2022,15,9957000594,37,3492.97,17,1.0
765,20,13,4,2022,24,9957000389,23,3953.4,17,0.0
766,13,4,3,2022,7,9957000398,72,1485.81,11,0.0
767,8,17,2,2022,11,9957000732,73,2483.31,20,1.0
768,13,3,9,2022,7,9957000158,43,2111.38,10,1.0
769,0,17,1,2022,4,9957000004,30,2058.51,16,1.0
770,18,28,7,2022,25,9957000167,68,1164.43,2,1.0
771,12,11,5,2022,12,9957000468,60,690.49,17,1.0
772,12,31,8,2022,6,9957000960,36,991.48,22,1.0
773,3,21,4,2022,14,9957000409,22,286.11,20,1.0
774,0,20,7,2022,12,9957000412,73,998.67,10,0.0
775,16,23,5,2022,11,9957000204,34,55.91,13,1.0
776,7,21,5,2022,19,9957000194,65,3140.02,12,1.0
777,1,26,9,2022,21,9957000235,28,1588.71,15,1.0
778,7,30,9,2022,5,9957000718,53,4865.99,7,0.0
779,6,4,9,2022,14,9957000150,51,976.65,27,1.0
780,1,2,12,2022,21,9957000159,64,1735.68,22,1.0
781,21,20,6,2022,24,9957000279,48,1795.63,21,1.0
782,21,16,6,2022,16,9957000816,25,52.17,26,1.0
783,2,28,5,2022,25,9957000404,68,4197.65,28,0.0
784,17,18,9,2022,13,9957000893,54,169.65,13,0.0
785,11,8,10,2022,25,9957000678,47,4701.5,12,1.0
786,0,3,8,2022,22,9957000311,45,4461.45,12,1.0
787,21,9,7,2022,22,9957000068,73,2682.25,28,1.0
788,11,29,7,2022,25,9957000463,68,2722.54,2,1.0
789,4,20,6,2022,20,9957000088,58,3272.35,5,1.0
790,16,29,5,2022,22,9957000217,48,1941.38,25,1.0
791,15,6,4,2022,4,9957000001,64,3239.64,25,1.0
792,14,10,3,2022,11,9957000135,21,233.39,2,1.0
793,22,21,3,2022,17,9957000697,72,279.7,23,1.0
794,14,10,6,2022,7,9957000351,63,2291.58,26,1.0
795,4,13,4,2022,14,9957000140,68,2752.62,20,1.0
796,20,17,12,2022,11,9957000618,37,4440.21,13,1.0
797,13,9,12,2022,22,9957000133,60,532.26,3,1.0
798,1,17,6,2022,9,9957000620,70,4115.01,11,1.0
799,10,24,3,2022,23,9957000178,21,1058.14,16,1.0
800,18,9,4,2022,13,9957000810,68,1976.48,1,1.0
801,6,9,9,2022,23,9957000358,39,1589.85,19,1.0
802,5,1,5,2022,18,9957000380,75,2006.77,11,1.0
803,1,2,7,2022,11,9957000908,17,760.97,9,1.0
804,5,28,10,2022,15,9957000871,73,2522.81,14,1.0
805,17,16,2,2022,25,9957000658,52,4010.2,9,1.0
806,1,29,5,2022,25,9957000450,34,2213.25,7,1.0
807,17,1,9,2022,22,9957000586,48,2458.16,16,1.0
808,14,10,11,2022,19,9957000463,63,4245.35,3,0.0
809,18,18,3,2022,1,9957000990,58,3533.23,19,1.0
810,1,26,9,2022,4,9957000108,58,2457.37,4,1.0
811,19,28,11,2022,14,9957000122,44,1295.9,7,1.0
812,5,8,6,2022,14,9957000017,31,4425.78,23,1.0
813,0,21,4,2022,3,9957000196,73,2889.33,28,1.0
814,23,28,7,2022,17,9957000327,24,1113.53,12,1.0
815,14,11,8,2022,3,9957000318,49,1352.91,18,1.0
816,22,23,6,2022,16,9957000809,34,4017.63,28,1.0
817,9,2,5,2022,14,9957000479,32,230.29,5,1.0
818,18,8,6,2022,20,9957000252,59,4960.54,23,1.0
819,16,27,5,2022,13,9957000503,58,660.45,23,1.0
820,4,22,8,2022,15,9957000999,41,3982.38,22,1.0
821,3,8,1,2022,14,9957000119,73,1979.93,26,1.0
822,9,17,11,2022,24,9957000674,73,2466.16,10,1.0
823,23,15,7,2022,25,9957000710,63,4404.45,12,1.0
824,16,17,10,2022,19,9957000498,50,2070.43,8,1.0
825,9,28,10,2022,6,9957000486,37,2692.09,19,1.0
826,16,23,11,2022,10,9957000045,46,256.01,15,1.0
827,19,24,2,2022,15,9957000314,24,21.71,1,1.0
828,23,13,9,2022,21,9957000179,25,1231.55,3,1.0
829,4,19,1,2022,22,9957000894,52,3406.11,27,1.0
830,1,5,11,2022,20,9957000418,20,615.11,18,0.0
831,5,12,10,2022,6,9957000556,73,577.67,18,1.0
832,20,1,6,2022,23,9957000783,55,2060.69,2,1.0
833,1,23,9,2022,25,9957000078,61,3242.71,5,1.0
834,12,5,1,2022,10,9957000326,48,3563.24,1,1.0
835,10,8,4,2022,7,9957000690,50,900.47,10,1.0
836,10,13,4,2022,22,9957000357,51,407.14,20,1.0
837,15,8,9,2022,17,9957000416,31,4702.58,10,1.0
838,10,25,11,2022,18,9957000963,54,1310.73,5,1.0
839,18,23,5,2022,17,9957000515,54,4268.2,18,0.0
840,14,11,5,2022,9,9957000214,68,4318.82,21,1.0
841,22,1,6,2022,10,9957000854,26,3864.89,26,1.0
842,22,13,1,2022,10,9957000074,35,852.48,15,0.0
843,15,19,1,2022,25,9957000563,54,4110.79,20,1.0
844,10,24,9,2022,7,9957000579,33,3848.56,8,1.0
845,21,3,3,2022,16,9957000509,17,2987.65,17,1.0
846,15,24,4,2022,18,9957000332,32,1692.64,12,1.0
847,7,17,1,2022,6,9957000093,67,1319.92,21,0.0
848,3,5,9,2022,20,9957000688,65,618.23,27,1.0
849,7,20,8,2022,1,9957000657,33,2553.69,12,1.0
850,3,21,2,2022,1,9957000519,61,2930.45,26,1.0
851,23,8,8,2022,12,9957000269,20,1803.1,1,1.0
852,2,26,7,2022,21,9957000376,30,2382.04,26,1.0
853,2,31,11,2022,2,9957000834,22,1823.94,26,0.0
854,17,14,6,2022,4,9957000004,62,3208.62,4,1.0
855,18,4,1,2022,17,9957000138,32,4507.28,8,1.0
856,18,11,7,2022,4,9957000231,66,827.96,1,1.0
857,20,20,10,2022,11,9957000600,62,1913.23,27,1.0
858,4,15,7,2022,22,9957000529,57,712.93,15,1.0
859,17,19,9,2022,4,9957000052,53,3128.47,18,1.0
860,9,7,1,2022,1,9957000646,63,3647.06,1,1.0
861,21,19,2,2022,7,9957000723,63,4660.24,11,0.0
862,20,28,11,2022,18,9957000325,26,1401.57,23,1.0
863,5,19,9,2022,9,9957000992,59,4751.55,2,1.0
864,0,11,9,2022,3,9957000970,24,325.68,1,1.0
865,4,26,6,2022,8,9957000905,21,3019.04,12,1.0
866,8,5,6,2022,24,9957000731,60,295.09,16,1.0
867,11,5,4,2022,19,9957000717,69,4469.93,22,1.0
868,13,30,4,2022,4,9957000723,15,2653.75,22,1.0
869,1,22,5,2022,18,9957000277,63,3350.05,10,0.0
870,16,8,3,2022,20,9957000536,50,4159.55,18,1.0
871,13,10,1,2022,11,9957000486,35,760.05,15,0.0
872,12,6,1,2022,14,9957000516,51,202.57,17,1.0
873,8,15,12,2022,25,9957000152,66,4395.62,10,1.0
874,14,16,7,2022,18,9957000955,38,1581.52,3,0.0
875,21,28,1,2022,16,9957000483,69,653.6,26,1.0
876,14,17,1,2022,3,9957000259,39,2347.62,21,1.0
877,23,31,3,2022,15,9957000324,21,2995.55,16,1.0
878,10,8,10,2022,4,9957000869,56,164.54,6,1.0
879,15,8,4,2022,5,9957000168,31,1381.73,3,1.0
880,16,25,4,2022,17,9957000688,43,173.67,9,1.0
881,3,9,2,2022,7,9957000310,44,2107.47,11,1.0
882,0,2,1,2022,16,9957000803,21,4476.55,21,1.0
883,7,15,3,2022,14,9957000479,47,4913.44,13,0.0
884,16,18,11,2022,16,9957000056,21,3188.87,18,1.0
885,2,3,4,2022,7,9957000620,72,816.57,26,1.0
886,19,17,3,2022,9,9957000473,38,4530.19,22,1.0
887,14,4,8,2022,4,9957000296,25,2586.08,28,1.0
888,14,30,10,2022,22,9957000461,23,777.21,24,1.0
889,23,4,1,2022,11,9957000324,26,4609.42,27,1.0
890,21,14,2,2022,2,9957000814,49,3789.77,22,1.0
891,13,9,7,2022,12,9957000846,18,3661.21,4,0.0
892,22,9,4,2022,12,9957000141,50,3548.81,22,1.0
893,13,25,8,2022,4,9957000667,42,1009.7,24,1.0
894,23,26,11,2022,18,9957000262,71,1062.92,8,1.0
895,1,23,3,2022,21,9957000785,27,3444.58,13,1.0
896,12,30,6,2022,7,9957000420,37,1106.42,10,0.0
897,13,31,9,2022,1,9957000744,33,2198.97,2,1.0
898,23,18,1,2022,23,9957000241,56,3912.19,8,1.0
899,18,10,1,2022,13,9957000355,51,3921.92,6,1.0
900,6,21,8,2022,6,9957000849,53,2271.78,16,1.0
901,2,4,3,2022,6,9957000770,38,3963.03,18,1.0
902,14,12,5,2022,12,9957000761,30,4194.72,17,1.0
903,22,27,1,2022,8,9957000589,47,3277.33,6,1.0
904,13,8,5,2022,24,9957000180,26,1149.85,13,1.0
905,10,2,11,2022,22,9957000066,48,1377.32,23,1.0
906,14,22,6,2022,19,9957000820,21,1581.06,14,1.0
907,12,13,8,2022,5,9957000348,25,592.85,26,0.0
908,17,21,3,2022,18,9957000171,45,1373.07,21,1.0
909,5,31,3,2022,5,9957000474,43,1055.5,10,1.0
910,2,16,12,2022,25,9957000534,27,2282.09,24,1.0
911,18,28,11,2022,10,9957000367,45,4543.1,11,0.0
912,14,2,11,2022,1,9957000107,16,531.36,13,1.0
913,22,11,10,2022,10,9957000439,53,3604.14,12,1.0
914,4,10,9,2022,5,9957000835,29,3439.54,9,1.0
915,9,15,4,2022,12,9957000227,71,487.81,4,1.0
916,6,17,4,2022,22,9957000444,25,4613.64,7,1.0
917,16,8,12,2022,7,9957000442,48,2846.68,24,0.0
918,6,18,7,2022,9,9957000396,53,1824.99,22,1.0
919,21,23,2,2022,22,9957000728,18,3785.13,2,1.0
920,11,9,8,2022,21,9957000581,25,1294.25,7,1.0
921,16,25,6,2022,12,9957000084,43,3470.61,9,0.0
922,12,8,3,2022,23,9957000615,16,208.16,5,1.0
923,19,27,9,2022,1,9957000551,75,4198.65,15,1.0
924,3,14,5,2022,11,9957000013,30,2246.37,18,1.0
925,9,28,8,2022,21,9957000809,53,3187.1,4,0.0
926,2,26,7,2022,15,9957000825,27,1113.98,19,1.0
927,8,25,8,2022,2,9957000693,51,3388.6,20,0.0
928,12,18,7,2022,20,9957000493,31,3863.48,26,1.0
929,17,22,3,2022,7,9957000268,35,2371.33,7,1.0
930,14,20,2,2022,21,9957000525,58,3092.46,26,1.0
931,3,30,7,2022,12,9957000120,74,2287.07,8,1.0
932,14,20,3,2022,22,9957000970,33,4471.52,17,1.0
933,21,21,3,2022,18,9957000353,21,2494.37,13,1.0
934,1,12,2,2022,3,9957000057,52,4210.63,24,1.0
935,14,19,4,2022,7,9957000040,22,4008.75,21,1.0
936,7,14,8,2022,11,9957000886,27,2058.42,28,1.0
937,7,17,12,2022,18,9957000336,51,1158.12,23,1.0
938,16,24,1,2022,12,9957000640,16,2036.35,11,1.0
939,11,21,1,2022,6,9957000173,55,4132.82,27,1.0
940,18,3,12,2022,5,9957000547,25,1145.89,1,1.0
941,9,26,5,2022,1,9957000259,38,2626.94,2,1.0
942,8,30,11,2022,12,9957000888,20,4032.42,17,0.0
943,4,23,5,2022,11,9957000517,75,1773.85,5,0.0
944,5,7,11,2022,4,9957000730,40,3214.63,6,1.0
945,19,17,12,2022,18,9957000523,21,1235.7,26,1.0
946,1,12,1,2022,4,9957000894,71,555.3,25,1.0
947,23,9,6,2022,17,9957000839,53,3973.98,24,1.0
948,12,15,1,2022,2,9957000117,33,503.85,7,1.0
949,5,18,5,2022,24,9957000184,20,1364.19,28,1.0
950,4,21,9,2022,22,9957000906,57,4277.0,21,1.0
951,0,13,12,2022,2,9957000874,43,1738.88,15,1.0
952,20,30,5,2022,12,9957000116,57,4865.5,19,1.0
953,21,21,6,2022,6,9957000162,53,4898.87,16,1.0
954,20,30,8,2022,10,9957000579,16,1348.7,25,1.0
955,5,8,11,2022,25,9957000712,33,214.48,13,1.0
956,5,14,1,2022,23,9957000543,18,3528.27,5,1.0
957,22,8,2,2022,25,9957000587,72,2260.42,3,0.0
958,15,14,9,2022,21,9957000237,20,512.76,3,1.0
959,3,7,3,2022,23,9957000839,63,3540.54,19,1.0
960,10,23,6,2022,16,9957000066,71,165.56,14,1.0
961,23,12,5,2022,14,9957000070,51,4352.28,16,1.0
962,22,11,11,2022,7,9957000809,75,701.88,22,1.0
963,8,22,2,2022,19,9957000447,42,645.29,17,1.0
964,22,22,7,2022,23,9957000416,44,886.6,27,1.0
965,2,11,4,2022,17,9957000532,21,4801.73,4,1.0
966,18,25,1,2022,9,9957000441,23,3468.92,13,1.0
967,7,22,4,2022,13,9957000738,39,4008.84,8,1.0
968,4,28,6,2022,22,9957000946,47,1994.2,19,0.0
969,3,29,7,2022,5,9957000464,15,1688.2,5,1.0
970,23,13,7,2022,23,9957000921,65,1180.08,2,0.0
971,5,18,7,2022,5,9957000396,20,2408.43,15,1.0
972,1,2,3,2022,10,9957000711,32,2763.63,2,1.0
973,19,29,6,2022,21,9957000551,24,3162.56,11,1.0
974,10,21,8,2022,10,9957000657,42,1293.02,13,1.0
975,3,15,4,2022,7,9957000557,25,4743.78,23,1.0
976,14,20,8,2022,15,9957000395,47,857.09,10,1.0
977,5,27,2,2022,7,9957000326,15,4828.61,3,1.0
978,21,18,10,2022,15,9957000893,27,84.13,5,1.0
979,16,31,9,2022,3,9957000919,51,2410.82,3,1.0
980,23,15,9,2022,19,9957000091,34,1673.51,6,1.0
981,5,19,8,2022,10,9957000750,15,2251.13,13,1.0
982,18,23,10,2022,15,9957000070,66,2857.62,10,1.0
983,1,24,10,2022,3,9957000166,17,2183.59,19,1.0
984,14,12,1,2022,6,9957000642,32,2080.09,8,1.0
985,10,13,2,2022,12,9957000214,55,3666.29,18,0.0
986,7,22,6,2022,15,9957000852,28,3432.52,3,1.0
987,18,11,10,2022,6,9957000601,45,4168.02,24,1.0
988,12,5,5,2022,13,9957000335,41,1257.3,24,0.0
989,11,29,12,2022,19,9957000764,31,3051.55,17,1.0
990,4,1,9,2022,3,9957000369,69,2930.12,8,1.0
991,5,24,5,2022,8,9957000861,60,1854.99,10,1.0
992,21,3,2,2022,8,9957000584,43,2435.43,2,1.0
993,3,31,10,2022,23,9957000677,50,1575.77,12,1.0
994,18,22,4,2022,20,9957000049,51,717.8,23,1.0
995,19,19,9,2022,15,9957000052,40,1076.87,6,1.0
996,0,23,1,2022,4,9957000289,67,536.51,2,1.0
997,19,29,11,2022,19,9957000790,31,3418.52,21,1.0
998,16,30,1,2022,21,9957000626,36,3307.03,23,1.0
999,11,7,12,2022,3,9957000239,75,4753.53,24,1.0
1000,14,12,7,2022,13,9957000133,39,3651.1,3,1.0
1001,0,15,11,2022,8,9957000999,16,269.71,17,1.0
1002,13,25,3,2022,23,9957000786,69,4422.38,7,1.0
1003,5,5,10,2022,16,9957000166,36,4314.75,21,0.0
1004,4,15,2,2022,13,9957000374,19,2222.17,5,0.0
1005,10,8,9,2022,3,9957000373,18,2933.46,23,0.0
1006,3,10,3,2022,16,9957000805,50,4880.63,1,1.0
1007,12,26,2,2022,9,9957000478,20,2666.2,8,1.0
1008,10,16,12,2022,14,9957000755,66,4527.56,12,1.0
1009,2,8,8,2022,13,9957000479,35,424.36,14,0.0
1010,0,1,10,2022,21,9957000832,27,963.35,16,1.0
1011,5,12,6,2022,25,9957000650,68,2209.37,10,1.0
1012,17,5,6,2022,7,9957000591,51,2927.94,15,1.0
1013,23,3,10,2022,15,9957000682,69,4082.98,21,0.0
1014,9,1,11,2022,7,9957000635,39,4941.43,24,0.0
1015,4,4,7,2022,6,9957000688,40,1950.37,26,1.0
1016,22,8,7,2022,2,9957000300,69,246.6,15,0.0
1017,9,3,11,2022,9,9957000082,53,4007.85,10,1.0
1018,11,10,6,2022,22,9957000087,34,3025.86,21,1.0
1019,1,2,4,2022,24,9957000225,47,1000.73,28,0.0
1020,12,11,11,2022,17,9957000016,28,2479.19,7,1.0
1021,7,25,9,2022,5,9957000822,70,3714.13,26,1.0
1022,1,10,6,2022,12,9957000358,50,3854.35,3,1.0
1023,19,21,4,2022,1,9957000163,31,2503.1,2,1.0
1024,0,14,12,2022,10,9957000610,35,1533.02,6,1.0
1025,4,7,3,2022,11,9957000668,60,4868.98,21,1.0
1026,8,27,4,2022,16,9957000514,30,3320.18,9,1.0
1027,16,27,3,2022,14,9957000350,60,2047.11,10,1.0
1028,8,2,2,2022,8,9957000909,30,1409.51,4,0.0
1029,10,9,5,2022,24,9957000681,70,3658.2,27,0.0
1030,14,16,2,2022,17,9957000464,34,1218.5,3,1.0
1031,23,13,6,2022,25,9957000827,43,866.83,9,1.0
1032,5,9,3,2022,18,9957000837,42,2653.87,24,1.0
1033,22,20,6,2022,12,9957000375,22,1457.04,22,1.0
1034,2,4,11,2022,25,9957000092,38,3148.24,17,1.0
1035,16,22,10,2022,17,9957000181,17,598.51,14,0.0
1036,4,10,9,2022,14,9957000743,39,3278.16,10,1.0
1037,11,26,1,2022,16,9957000301,33,1423.65,13,1.0
1038,17,26,6,2022,14,9957000660,47,11.21,12,1.0
1039,13,22,9,2022,9,9957000792,16,643.41,27,1.0
1040,20,12,11,2022,4,9957000189,29,4668.74,1,1.0
1041,23,17,4,2022,25,9957000859,36,4338.1,28,1.0
1042,10,14,11,2022,23,9957000862,74,1175.71,22,1.0
1043,8,14,12,2022,11,9957000314,24,3894.08,19,1.0
1044,1,25,2,2022,6,9957000493,32,3046.77,19,0.0
1045,11,2,4,2022,15,9957000923,36,4854.81,6,1.0
1046,2,21,1,2022,5,9957000922,60,1874.29,13,1.0
1047,2,25,3,2022,11,9957000128,63,3410.49,19,0.0
1048,0,20,10,2022,25,9957000519,41,327.04,13,1.0
1049,7,11,9,2022,18,9957000426,27,1987.27,27,0.0
1050,21,16,10,2022,13,9957000559,47,4819.45,26,1.0
1051,7,19,5,2022,11,9957000565,19,2699.51,22,1.0
1052,10,31,11,2022,14,9957000187,40,1446.52,21,1.0
1053,8,23,6,2022,18,9957000550,27,610.15,4,1.0
1054,4,6,3,2022,25,9957000453,41,3520.61,24,1.0
1055,13,24,5,2022,19,9957000471,71,3227.83,2,1.0
1056,2,19,11,2022,24,9957000988,28,1875.95,15,1.0
1057,20,5,8,2022,15,9957000738,38,4755.2,12,1.0
1058,4,26,6,2022,9,9957000565,17,120.79,27,1.0
1059,4,4,4,2022,8,9957000911,61,1525.58,7,1.0
1060,18,15,2,2022,20,9957000224,65,4606.14,20,1.0
1061,13,29,9,2022,1,9957000154,63,1611.47,18,1.0
1062,3,4,12,2022,4,9957000560,44,1268.74,23,1.0
1063,12,20,1,2022,14,9957000351,49,2675.76,13,1.0
1064,9,10,1,2022,25,9957000147,62,4120.77,17,1.0
1065,17,24,4,2022,2,9957000905,28,524.7,4,1.0
1066,7,22,7,2022,16,9957000576,26,4715.67,25,1.0
1067,7,3,1,2022,3,9957000349,42,3977.41,14,1.0
1068,6,26,9,2022,8,9957000182,58,914.44,20,1.0
1069,7,5,4,2022,6,9957000637,43,3562.92,28,1.0
1070,13,6,3,2022,16,9957000179,57,1930.94,13,1.0
1071,18,21,1,2022,24,9957000039,31,2017.45,3,0.0
1072,5,22,10,2022,16,9957000772,54,3918.62,26,1.0
1073,0,8,4,2022,7,9957000894,63,4814.3,26,1.0
1074,22,7,9,2022,13,9957000003,35,642.01,18,1.0
1075,14,21,10,2022,13,9957000064,71,2108.94,14,1.0
1076,0,10,6,2022,5,9957000029,37,2409.9,15,0.0
1077,16,6,6,2022,25,9957000372,34,1887.8,3,1.0
1078,0,14,1,2022,20,9957000523,25,1822.31,1,1.0
1079,14,4,10,2022,22,9957000097,71,270.82,26,1.0
1080,22,28,2,2022,18,9957000870,71,3430.84,24,0.0
1081,1,25,11,2022,15,9957000442,48,2186.71,17,1.0
1082,13,13,6,2022,18,9957000203,24,982.02,3,1.0
1083,20,20,2,2022,2,9957000411,24,4082.01,14,1.0
1084,7,17,3,2022,10,9957000993,57,4014.78,3,0.0
1085,7,23,4,2022,23,9957000021,74,2437.09,13,1.0
1086,18,7,11,2022,13,9957000551,20,1499.27,15,1.0
1087,6,4,5,2022,18,9957000735,50,3194.08,18,0.0
1088,18,29,9,2022,15,9957000102,38,1447.88,14,1.0
1089,5,14,12,2022,12,9957000046,26,1187.68,21,1.0
1090,5,3,4,2022,15,9957000066,57,3655.27,26,1.0
1091,2,24,11,2022,13,9957000603,69,211.22,3,1.0
1092,6,5,9,2022,18,9957000164,37,482.89,19,1.0
1093,18,16,11,2022,15,9957000971,41,43.87,8,1.0
1094,7,26,10,2022,25,9957000111,72,773.19,4,1.0
1095,9,23,3,2022,23,9957000338,71,354.26,4,1.0
1096,19,20,8,2022,11,9957000123,59,4979.05,19,1.0
1097,14,4,12,2022,19,9957000705,51,1451.16,11,1.0
1098,14,24,1,2022,3,9957000447,20,754.85,1,1.0
1099,0,30,11,2022,7,9957000611,15,1212.57,8,1.0
1100,19,24,9,2022,21,9957000291,20,4681.27,15,1.0
1101,6,2,9,2022,14,9957000671,64,2605.6,1,1.0
1102,3,30,10,2022,14,9957000412,36,1830.44,7,1.0
1103,5,18,2,2022,22,9957000615,55,4368.22,21,1.0
1104,0,19,4,2022,13,9957000897,38,1981.0,20,1.0
1105,4,31,8,2022,12,9957000281,39,1681.69,20,1.0
1106,22,28,7,2022,24,9957000043,75,1044.34,24,1.0
1107,0,28,1,2022,9,9957000486,29,1895.21,11,1.0
1108,3,19,5,2022,1,9957000596,40,1590.25,27,1.0
1109,21,17,7,2022,19,9957000963,22,3389.75,14,1.0
1110,1,31,4,2022,11,9957000703,65,1455.02,22,1.0
1111,9,14,1,2022,23,9957000051,38,2890.23,16,0.0
1112,4,19,9,2022,22,9957000898,62,338.8,14,1.0
1113,9,22,5,2022,23,9957000210,52,964.53,12,1.0
1114,0,24,11,2022,24,9957000126,75,2042.95,17,1.0
1115,21,13,2,2022,22,9957000492,20,4685.38,14,1.0
1116,5,12,8,2022,19,9957000509,68,1892.49,10,1.0
1117,12,30,11,2022,18,9957000960,49,3323.73,24,1.0
1118,14,26,2,2022,12,9957000970,56,1282.89,14,1.0
1119,3,6,3,2022,23,9957000581,15,643.9,18,0.0
1120,12,21,10,2022,1,9957000777,74,302.1,22,1.0
1121,23,31,1,2022,19,9957000258,60,1534.01,9,1.0
1122,19,4,11,2022,20,9957000930,50,796.73,17,1.0
1123,23,19,2,2022,17,9957000188,72,878.31,6,0.0
1124,14,16,7,2022,5,9957000230,26,3806.19,8,1.0
1125,7,13,10,2022,3,9957000189,52,89.03,26,0.0
1126,4,4,2,2022,2,9957000415,25,2793.47,13,1.0
1127,14,30,6,2022,3,9957000010,26,1903.51,18,1.0
1128,3,23,3,2022,8,9957000114,56,2537.68,5,1.0
1129,11,17,4,2022,16,9957000076,64,2818.52,6,1.0
1130,12,23,11,2022,6,9957000676,53,1573.7,21,1.0
1131,1,1,8,2022,13,9957000502,21,1482.59,19,1.0
1132,18,18,3,2022,23,9957000085,25,3669.68,4,0.0
1133,18,31,10,2022,22,9957000049,50,4357.67,7,1.0
1134,3,20,6,2022,22,9957000495,66,970.98,4,1.0
1135,3,17,1,2022,16,9957000838,45,497.12,25,1.0
1136,10,27,7,2022,16,9957000689,47,4490.0,11,1.0
1137,4,28,8,2022,3,9957000387,27,1755.98,12,1.0
1138,19,27,11,2022,13,9957000970,32,2761.07,14,0.0
1139,10,15,8,2022,14,9957000389,55,1804.12,13,1.0
1140,9,11,3,2022,8,9957000218,72,637.75,10,1.0
1141,7,25,10,2022,12,9957000701,70,2950.76,18,0.0
1142,5,28,1,2022,23,9957000981,38,2630.45,16,1.0
1143,5,22,9,2022,23,9957000346,23,1022.94,5,1.0
1144,7,13,6,2022,22,9957000230,45,2264.83,8,0.0
1145,22,1,11,2022,21,9957000255,69,3986.77,14,1.0
1146,14,17,9,2022,8,9957000236,75,2956.23,5,1.0
1147,13,6,7,2022,21,9957000026,55,493.62,26,1.0
1148,10,4,1,2022,25,9957000584,24,2744.63,28,1.0
1149,11,20,12,2022,9,9957000261,74,3516.66,24,1.0
1150,12,16,12,2022,1,9957000766,16,3965.59,8,1.0
1151,7,15,1,2022,6,9957000271,52,3149.3,25,1.0
1152,17,27,6,2022,23,9957000123,29,771.76,26,1.0
1153,0,15,5,2022,19,9957000656,17,3553.76,6,1.0
1154,14,6,9,2022,23,9957000257,57,3389.94,16,1.0
1155,7,15,2,2022,11,9957000656,45,131.89,28,1.0
1156,10,14,8,2022,11,9957000421,20,2064.62,4,1.0
1157,11,28,11,2022,23,9957000259,17,1671.42,12,0.0
1158,11,11,5,2022,13,9957000948,70,3350.37,11,1.0
1159,3,7,2,2022,11,9957000047,25,1088.52,3,1.0
1160,15,9,10,2022,18,9957000863,29,2958.45,12,1.0
1161,3,26,11,2022,23,9957000525,59,4566.9,5,1.0
1162,4,16,11,2022,15,9957000888,66,3991.03,6,1.0
1163,23,5,12,2022,1,9957000208,42,4608.07,19,1.0
1164,4,25,6,2022,21,9957000311,24,4892.74,18,1.0
1165,7,20,10,2022,25,9957000747,52,63.24,16,1.0
1166,9,29,8,2022,7,9957000149,61,3117.48,23,1.0
1167,16,10,4,2022,23,9957000834,71,2070.07,11,1.0
1168,8,18,2,2022,13,9957000438,64,4300.67,5,1.0
1169,21,3,12,2022,12,9957000155,64,1266.56,9,1.0
1170,18,13,11,2022,18,9957000678,21,4905.34,3,1.0
1171,13,11,5,2022,24,9957000090,29,3072.4,8,1.0
1172,7,17,12,2022,19,9957000698,32,3969.75,6,1.0
1173,8,30,2,2022,15,9957000830,32,437.14,4,1.0
1174,21,30,2,2022,8,9957000358,66,925.45,12,0.0
1175,10,22,6,2022,19,9957000174,55,3794.43,12,1.0
1176,22,13,11,2022,10,9957000217,38,119.71,25,1.0
1177,0,6,10,2022,7,9957000907,16,4086.22,21,1.0
1178,13,17,9,2022,18,9957000456,54,79.61,16,1.0
1179,4,27,4,2022,16,9957000776,34,3289.02,10,0.0
1180,20,13,6,2022,20,9957000609,48,1831.82,22,1.0
1181,13,19,7,2022,6,9957000629,57,3061.36,14,1.0
1182,3,21,11,2022,9,9957000199,40,3483.2,13,1.0
1183,21,19,6,2022,21,9957000832,21,1718.95,9,1.0
1184,22,10,8,2022,13,9957000486,52,548.73,7,1.0
1185,0,3,4,2022,25,9957000533,44,357.53,12,1.0
1186,21,14,12,2022,21,9957000200,56,2948.79,5,1.0
1187,22,26,1,2022,8,9957000371,19,2608.07,18,1.0
1188,18,19,7,2022,16,9957000959,25,3713.58,4,0.0
1189,7,5,3,2022,13,9957000853,15,2553.58,2,0.0
1190,14,29,6,2022,13,9957000448,48,2118.0,3,0.0
1191,20,5,2,2022,17,9957000248,70,1996.46,26,1.0
1192,14,20,9,2022,23,9957000788,15,141.97,12,1.0
1193,8,17,1,2022,20,9957000264,33,1684.43,3,1.0
1194,20,21,6,2022,5,9957000058,16,4880.34,4,1.0
1195,8,10,6,2022,22,9957000302,35,4369.04,6,1.0
1196,9,5,5,2022,21,9957000031,34,1653.6,12,1.0
1197,19,4,5,2022,17,9957000498,75,2943.1,19,1.0
1198,20,6,1,2022,9,9957000249,37,4238.01,10,1.0
1199,8,26,10,2022,2,9957000605,35,2211.96,1,1.0
1200,2,4,12,2022,25,9957000777,38,99.61,17,1.0
1201,19,30,5,2022,18,9957000271,18,381.81,16,1.0
1202,10,7,2,2022,9,9957000606,26,2556.86,9,0.0
1203,5,7,7,2022,6,9957000666,36,4847.5,25,1.0
1204,1,18,3,2022,11,9957000394,34,3469.12,21,1.0
1205,6,3,4,2022,25,9957000797,32,363.87,9,1.0
1206,17,1,3,2022,6,9957000502,15,954.91,27,1.0
1207,1,24,3,2022,6,9957000592,44,3858.9,23,1.0
1208,16,25,4,2022,13,9957000804,47,4208.78,9,0.0
1209,10,4,5,2022,11,9957000084,38,3092.3,12,1.0
1210,11,6,1,2022,14,9957000365,28,3225.67,23,1.0
1211,18,9,4,2022,2,9957000886,50,151.4,9,1.0
1212,21,22,12,2022,8,9957000549,19,4144.37,15,1.0
1213,23,14,12,2022,3,9957000342,25,3943.49,2,1.0
1214,6,28,11,2022,23,9957000839,38,1302.59,11,1.0
1215,19,12,8,2022,21,9957000407,74,3546.3,11,1.0
1216,5,28,10,2022,3,9957000425,45,1082.12,8,1.0
1217,20,25,7,2022,1,9957000744,69,211.25,23,0.0
1218,23,31,9,2022,24,9957000093,27,1013.67,6,1.0
1219,0,20,5,2022,19,9957000848,30,901.36,21,1.0
1220,16,24,10,2022,18,9957000614,38,1695.36,20,1.0
1221,10,25,4,2022,17,9957000412,27,2098.06,7,1.0
1222,21,4,8,2022,20,9957000432,38,2547.61,3,0.0
1223,17,21,9,2022,24,9957000678,68,2389.0,8,1.0
1224,20,30,7,2022,13,9957000159,40,1360.67,18,0.0
1225,16,24,7,2022,3,9957000014,16,155.56,17,1.0
1226,6,12,5,2022,1,9957000373,30,3029.46,11,1.0
1227,16,10,4,2022,4,9957000225,52,1984.77,2,1.0
1228,19,30,10,2022,25,9957000505,60,1500.37,25,1.0
1229,8,22,1,2022,13,9957000073,15,4336.04,21,1.0
1230,16,28,10,2022,17,9957000249,63,3736.25,27,1.0
1231,19,7,10,2022,11,9957000511,25,4290.25,24,1.0
1232,21,3,7,2022,2,9957000603,65,2479.96,19,1.0
1233,21,23,1,2022,25,9957000216,49,663.35,7,1.0
1234,7,28,1,2022,16,9957000973,57,3484.14,18,0.0
1235,16,14,5,2022,2,9957000602,43,1038.31,8,1.0
1236,6,24,9,2022,19,9957000541,51,2211.74,14,1.0
1237,0,10,6,2022,23,9957000947,31,334.35,7,0.0
1238,12,16,3,2022,19,9957000817,72,4128.29,28,1.0
1239,22,16,3,2022,25,9957000939,68,638.44,21,1.0
1240,18,22,7,2022,16,9957000988,53,4516.46,28,1.0
1241,23,31,6,2022,22,9957000220,56,4322.51,27,1.0
1242,18,10,9,2022,19,9957000840,42,2328.27,4,1.0
1243,16,25,6,2022,9,9957000727,43,3724.4,17,1.0
1244,12,13,5,2022,1,9957000221,57,3101.03,5,1.0
1245,15,6,10,2022,10,9957000389,17,4017.35,12,1.0
1246,7,12,7,2022,19,9957000554,66,2164.71,9,1.0
1247,18,9,1,2022,1,9957000647,24,3931.18,26,1.0
1248,17,13,12,2022,2,9957000042,73,2317.66,20,1.0
1249,0,4,7,2022,16,9957000676,56,4705.42,13,1.0
1250,13,24,3,2022,12,9957000873,28,2437.0,25,0.0
1251,18,11,9,2022,8,9957000283,26,2318.47,28,1.0
1252,14,20,6,2022,23,9957000058,61,3927.51,18,1.0
1253,17,18,9,2022,18,9957000814,56,4109.67,20,0.0
1254,1,26,5,2022,2,9957000834,44,2776.9,9,1.0
1255,21,11,7,2022,25,9957000537,46,907.19,4,1.0
1256,16,25,4,2022,13,9957000073,46,2344.11,21,0.0
1257,17,21,7,2022,6,9957000885,56,4840.68,27,0.0
1258,5,4,1,2022,21,9957000923,46,3767.4,8,1.0
1259,18,18,7,2022,6,9957000129,40,4057.7,1,1.0
1260,3,1,8,2022,9,9957000599,65,173.8,17,1.0
1261,0,27,5,2022,16,9957000842,15,2344.62,25,1.0
1262,7,7,2,2022,11,9957000426,70,3236.64,9,1.0
1263,22,6,5,2022,7,9957000948,75,4151.86,20,1.0
1264,6,31,6,2022,10,9957000665,72,255.88,13,1.0
1265,2,15,12,2022,10,9957000694,56,4263.67,2,1.0
1266,9,18,2,2022,25,9957000125,16,2746.52,13,1.0
1267,9,24,6,2022,20,9957000067,31,994.6,9,1.0
1268,18,11,6,2022,18,9957000006,44,1593.1,20,0.0
1269,13,20,1,2022,24,9957000637,70,1416.83,6,1.0
1270,1,24,1,2022,20,9957000314,53,2658.99,28,1.0
1271,0,15,11,2022,9,9957000326,21,267.91,1,1.0
1272,22,16,10,2022,15,9957000565,66,801.1,28,1.0
1273,22,7,3,2022,4,9957000578,41,4065.34,25,0.0
1274,17,21,10,2022,8,9957000826,23,671.69,5,1.0
1275,6,10,10,2022,9,9957000506,36,1174.65,3,1.0
1276,7,26,12,2022,13,9957000082,48,2272.32,4,0.0
1277,0,12,3,2022,9,9957000599,60,2590.43,1,0.0
1278,22,24,4,2022,4,9957000002,63,3820.42,14,1.0
1279,2,14,2,2022,17,9957000204,15,2242.19,9,1.0
1280,23,25,9,2022,16,9957000662,23,3951.42,24,1.0
1281,22,5,10,2022,15,9957000805,34,3095.55,4,1.0
1282,7,26,12,2022,3,9957000404,67,574.37,18,1.0
1283,21,21,11,2022,25,9957000103,33,790.09,14,0.0
1284,14,18,7,2022,20,9957000536,50,2190.8,25,0.0
1285,4,5,7,2022,5,9957000368,74,1990.48,4,0.0
1286,2,3,6,2022,23,9957000212,54,3720.29,25,1.0
1287,18,23,3,2022,5,9957000577,59,2907.88,10,1.0
1288,0,26,6,2022,20,9957000961,18,1946.78,3,1.0
1289,14,5,12,2022,15,9957000209,23,862.09,23,1.0
1290,7,24,8,2022,18,9957000763,55,1141.92,7,1.0
1291,1,17,8,2022,15,9957000897,36,2881.75,10,1.0
1292,2,19,11,2022,2,9957000117,32,2122.96,13,0.0
1293,23,19,9,2022,13,9957000628,26,2579.49,4,1.0
1294,13,25,1,2022,4,9957000749,56,861.68,18,1.0
1295,23,21,1,2022,10,9957000478,57,3317.9,11,0.0
1296,13,12,3,2022,13,9957000105,53,4264.17,25,1.0
1297,10,25,3,2022,10,9957000495,23,1297.12,4,0.0
1298,15,29,10,2022,9,9957000771,20,2462.66,24,1.0
1299,3,9,8,2022,8,9957000046,33,4877.88,14,1.0
1300,19,1,10,2022,3,9957000823,62,1672.88,18,1.0
1301,4,18,1,2022,16,9957000331,61,2979.28,8,1.0
1302,21,21,2,2022,14,9957000216,21,460.08,27,0.0
1303,20,4,2,2022,9,9957000982,30,3034.01,10,0.0
1304,13,31,3,2022,21,9957000960,19,457.26,5,1.0
1305,22,10,6,2022,11,9957000492,30,4796.58,23,1.0
1306,15,25,1,2022,3,9957000813,15,3581.16,7,1.0
1307,17,7,2,2022,5,9957000922,65,3942.92,12,1.0
1308,6,22,1,2022,10,9957000845,51,3523.48,25,0.0
1309,9,23,5,2022,13,9957000449,53,2952.75,3,1.0
1310,6,1,7,2022,4,9957000536,33,2255.06,26,1.0
1311,0,17,8,2022,24,9957000511,68,4293.28,4,1.0
1312,22,24,10,2022,13,9957000458,51,4784.61,10,1.0
1313,20,29,1,2022,12,9957000547,75,2500.19,4,1.0
1314,18,29,7,2022,5,9957000536,31,4658.36,15,0.0
1315,15,2,5,2022,10,9957000540,40,2920.83,10,1.0
1316,18,28,10,2022,24,9957000484,36,2696.54,21,1.0
1317,3,26,1,2022,9,9957000976,22,2277.87,22,0.0
1318,17,11,3,2022,20,9957001000,75,1054.35,16,1.0
1319,1,9,7,2022,7,9957000016,75,28.56,15,1.0
1320,0,7,10,2022,2,9957000571,47,1215.12,19,1.0
1321,14,22,1,2022,22,9957000977,16,2553.52,20,1.0
1322,4,17,7,2022,24,9957000243,44,1906.0,19,1.0
1323,19,17,5,2022,23,9957000950,61,2247.94,18,1.0
1324,10,2,1,2022,7,9957000207,34,4903.43,26,1.0
1325,9,6,1,2022,8,9957000912,74,1757.86,12,1.0
1326,1,14,1,2022,7,9957000271,32,2266.39,25,1.0
1327,2,6,11,2022,21,9957000761,57,676.24,16,1.0
1328,22,2,9,2022,23,9957000994,71,249.31,1,1.0
1329,22,1,11,2022,14,9957000779,24,3879.29,16,1.0
1330,11,10,3,2022,19,9957000705,38,2857.71,2,0.0
1331,19,21,5,2022,5,9957000847,70,3805.92,24,1.0
1332,4,5,11,2022,23,9957000730,18,757.82,15,1.0
1333,4,2,10,2022,25,9957000115,51,2863.43,7,1.0
1334,5,22,12,2022,18,9957000580,18,1275.68,28,1.0
1335,8,16,9,2022,20,9957000299,27,1148.03,1,1.0
1336,1,25,6,2022,12,9957000837,39,67.51,5,1.0
1337,20,2,12,2022,23,9957000483,27,660.4,10,0.0
1338,11,10,9,2022,17,9957000397,32,1553.25,22,1.0
1339,2,2,8,2022,13,9957000394,75,593.23,21,1.0
1340,19,16,8,2022,2,9957000075,73,4929.43,4,0.0
1341,21,16,1,2022,25,9957000978,38,1550.08,14,1.0
1342,11,19,9,2022,13,9957000482,16,660.32,13,0.0
1343,23,29,6,2022,7,9957000103,62,1003.42,1,0.0
1344,16,7,9,2022,10,9957000297,47,2942.64,16,0.0
1345,9,22,3,2022,23,9957000178,72,329.58,23,1.0
1346,23,12,12,2022,6,9957000215,33,4313.55,9,1.0
1347,13,24,3,2022,3,9957000967,23,4807.88,22,1.0
1348,22,15,6,2022,3,9957000315,42,1241.27,16,1.0
1349,16,8,9,2022,18,9957000039,49,2255.98,19,0.0
1350,17,6,7,2022,11,9957000259,71,120.45,15,0.0
1351,18,28,3,2022,22,9957000716,53,3207.14,26,1.0
1352,16,27,3,2022,20,9957000007,75,2075.49,14,1.0
1353,13,10,2,2022,5,9957000049,24,1357.59,20,1.0
1354,8,3,9,2022,19,9957000538,15,1042.12,10,1.0
1355,7,19,3,2022,22,9957000161,56,3273.58,21,1.0
1356,1,31,11,2022,19,9957000869,35,2086.92,12,1.0
1357,12,17,5,2022,15,9957000176,23,906.5,28,0.0
1358,6,7,9,2022,16,9957000591,74,3448.65,1,1.0
1359,8,21,8,2022,24,9957000002,61,2829.71,21,0.0
1360,21,20,2,2022,9,9957000895,29,4294.77,17,1.0
1361,21,26,3,2022,4,9957000455,49,596.2,9,1.0
1362,10,31,2,2022,15,9957000928,71,3930.48,23,0.0
1363,13,4,8,2022,25,9957000644,19,3370.85,19,0.0
1364,3,14,6,2022,12,9957000276,55,583.9,25,1.0
1365,12,20,6,2022,23,9957000498,72,3477.16,18,1.0
1366,1,22,12,2022,3,9957000629,36,2213.32,28,1.0
1367,22,15,9,2022,23,9957000676,55,4725.47,7,1.0
1368,4,24,8,2022,14,9957000800,37,716.64,9,1.0
1369,10,8,4,2022,17,9957000028,21,3217.74,22,1.0
1370,5,21,12,2022,19,9957000333,70,1916.08,26,1.0
1371,17,15,4,2022,6,9957000001,37,4784.51,21,1.0
1372,20,22,9,2022,4,9957000188,58,1656.57,12,0.0
1373,9,20,1,2022,7,9957000056,39,4811.31,7,1.0
1374,3,28,2,2022,19,9957000547,41,4508.41,14,0.0
1375,8,14,2,2022,17,9957000112,55,1359.21,15,0.0
1376,5,27,6,2022,25,9957000798,20,4019.67,15,1.0
1377,1,29,4,2022,16,9957000310,69,4978.06,6,1.0
1378,16,9,11,2022,15,9957000036,48,1270.79,21,1.0
1379,4,8,10,2022,22,9957000439,23,2189.52,14,1.0
1380,5,26,3,2022,8,9957000729,74,2605.7,2,1.0
1381,11,28,3,2022,19,9957000592,75,1481.71,8,0.0
1382,22,26,3,2022,8,9957000826,63,86.17,13,1.0
1383,20,17,6,2022,18,9957000595,47,1108.44,23,1.0
1384,9,31,8,2022,16,9957000577,65,1416.87,6,1.0
1385,21,2,11,2022,20,9957000325,74,2223.56,5,1.0
1386,20,25,7,2022,19,9957000640,20,863.8,5,0.0
1387,5,24,4,2022,10,9957000307,51,4367.54,25,1.0
1388,7,30,11,2022,17,9957000534,45,3527.51,1,1.0
1389,1,3,12,2022,13,9957000728,48,435.15,9,1.0
1390,11,8,4,2022,13,9957000619,55,3253.96,6,1.0
1391,12,12,11,2022,7,9957000109,43,3271.75,20,1.0
1392,20,1,10,2022,10,9957000372,72,4781.54,26,1.0
1393,6,10,11,2022,2,9957000357,28,25.07,7,0.0
1394,9,20,11,2022,4,9957000181,50,1247.18,9,1.0
1395,12,3,11,2022,25,9957000356,50,4639.68,5,0.0
1396,16,6,2,2022,6,9957000676,67,4661.35,14,1.0
1397,20,7,1,2022,24,9957000068,29,3605.73,5,1.0
1398,13,20,9,2022,18,9957000292,22,3831.16,8,1.0
1399,1,23,12,2022,23,9957000692,40,466.5,7,1.0
1400,21,25,12,2022,6,9957000181,50,2574.24,13,1.0
1401,10,27,2,2022,25,9957000466,62,1165.6,13,0.0
1402,0,18,8,2022,23,9957000434,35,914.28,8,0.0
1403,18,11,9,2022,17,9957000464,42,4053.41,11,1.0
1404,20,19,4,2022,14,9957000681,18,683.84,28,1.0
1405,3,5,8,2022,24,9957000914,30,2348.57,26,1.0
1406,18,19,9,2022,11,9957000534,36,4693.51,18,1.0
1407,20,11,10,2022,19,9957000066,26,937.3,25,1.0
1408,10,24,10,2022,2,9957000021,30,4890.19,19,1.0
1409,7,12,5,2022,3,9957000612,65,4971.5,6,1.0
1410,10,10,7,2022,11,9957000384,54,2782.53,22,1.0
1411,3,8,10,2022,6,9957000812,52,859.01,2,1.0
1412,16,24,4,2022,14,9957000615,56,1587.36,28,1.0
1413,6,28,1,2022,19,9957000559,51,2128.22,13,0.0
1414,7,28,3,2022,16,9957000039,43,1553.53,23,1.0
1415,2,9,5,2022,21,9957000285,32,1410.37,25,1.0
1416,21,4,3,2022,22,9957000822,24,4861.43,28,1.0
1417,1,5,12,2022,24,9957000602,56,775.29,26,1.0
1418,22,21,11,2022,7,9957000597,53,3669.31,11,1.0
1419,14,8,7,2022,8,9957000785,32,12.05,1,1.0
1420,23,23,12,2022,19,9957000336,15,2984.95,24,0.0
1421,21,9,9,2022,20,9957000188,53,4580.56,2,0.0
1422,21,15,12,2022,16,9957000671,35,1446.79,17,1.0
1423,4,15,6,2022,22,9957000243,15,935.77,8,1.0
1424,23,16,10,2022,7,9957000073,29,3261.88,2,1.0
1425,0,14,1,2022,9,9957000479,18,3565.88,6,1.0
1426,3,8,7,2022,13,9957000974,74,3443.27,22,1.0
1427,14,18,3,2022,1,9957000561,75,1603.39,5,1.0
1428,19,10,5,2022,8,9957000101,34,1268.49,16,1.0
1429,18,28,10,2022,24,9957000514,24,4780.03,8,0.0
1430,2,20,4,2022,22,9957000756,37,4617.26,19,1.0
1431,19,6,10,2022,4,9957000176,55,2292.01,16,0.0
1432,10,12,5,2022,3,9957000238,48,4232.51,13,1.0
1433,16,2,5,2022,3,9957000910,74,2267.09,26,0.0
1434,12,7,6,2022,22,9957000059,60,2127.7,20,1.0
1435,10,16,10,2022,13,9957000865,62,792.25,7,1.0
1436,1,3,12,2022,8,9957000099,47,2137.77,16,1.0
1437,8,13,10,2022,7,9957000954,48,2691.71,23,1.0
1438,1,3,11,2022,1,9957000871,53,122.3,16,1.0
1439,20,27,6,2022,16,9957000954,75,2226.12,12,1.0
1440,8,18,8,2022,6,9957000495,24,3908.97,14,1.0
1441,8,11,8,2022,7,9957000947,68,3403.43,24,1.0
1442,7,8,11,2022,12,9957000980,34,3179.43,18,0.0
1443,16,6,9,2022,23,9957000514,15,4548.68,27,1.0
1444,0,1,8,2022,9,9957000755,27,99.98,28,1.0
1445,10,28,11,2022,11,9957000297,15,2789.67,18,1.0
1446,7,1,2,2022,10,9957000211,19,3938.87,16,1.0
1447,9,23,12,2022,21,9957000123,30,2711.26,20,1.0
1448,6,8,10,2022,1,9957000229,29,1626.24,16,0.0
1449,2,5,12,2022,18,9957000594,63,689.89,13,1.0
1450,2,28,11,2022,4,9957000656,42,4438.94,26,1.0
1451,17,16,1,2022,5,9957000388,45,2359.1,9,0.0
1452,4,11,10,2022,9,9957000140,37,4391.79,26,1.0
1453,11,5,2,2022,17,9957000541,62,2933.4,28,0.0
1454,11,4,2,2022,3,9957000391,59,3374.22,9,1.0
1455,18,30,12,2022,16,9957000270,57,4023.26,13,1.0
1456,5,6,3,2022,5,9957000759,31,3299.19,4,1.0
1457,1,14,10,2022,16,9957000012,63,1996.29,9,1.0
1458,11,22,7,2022,3,9957000867,48,2573.03,15,1.0
1459,18,19,2,2022,20,9957000389,27,4017.2,14,1.0
1460,4,9,1,2022,15,9957000337,28,1874.51,19,1.0
1461,11,12,6,2022,3,9957000506,25,1946.73,12,1.0
1462,16,11,9,2022,20,9957000106,42,487.49,21,1.0
1463,16,14,3,2022,14,9957000032,56,4573.78,26,1.0
1464,9,23,6,2022,16,9957000074,46,464.27,25,1.0
1465,22,16,3,2022,17,9957000171,49,3244.56,6,1.0
1466,16,1,1,2022,24,9957000849,75,2071.84,3,1.0
1467,14,31,12,2022,20,9957000069,73,2034.04,26,0.0
1468,11,13,5,2022,23,9957000813,45,3400.96,25,0.0
1469,15,23,10,2022,18,9957000362,31,344.8,22,1.0
1470,23,21,11,2022,18,9957000649,61,2972.59,20,1.0
1471,18,21,4,2022,22,9957000433,23,3862.44,16,1.0
1472,7,30,7,2022,14,9957000929,24,4142.78,20,1.0
1473,20,13,6,2022,18,9957000996,22,860.95,24,0.0
1474,16,2,10,2022,15,9957000100,35,4488.12,23,1.0
1475,22,4,7,2022,15,9957000658,27,3284.17,17,1.0
1476,4,28,5,2022,6,9957000009,73,4410.46,16,1.0
1477,21,6,4,2022,15,9957000574,64,2431.55,6,1.0
1478,15,26,7,2022,18,9957000697,19,2714.75,8,1.0
1479,5,31,7,2022,4,9957000029,20,4596.0,19,1.0
1480,7,27,6,2022,23,9957000893,44,4500.55,25,1.0
1481,17,23,8,2022,8,9957000114,45,2246.32,26,0.0
1482,11,27,4,2022,15,9957000462,31,1379.32,2,1.0
1483,14,5,10,2022,3,9957000921,25,1971.92,14,1.0
1484,8,25,5,2022,15,9957000143,34,1944.94,22,1.0
1485,12,3,4,2022,13,9957000390,62,1441.47,12,1.0
1486,14,1,12,2022,9,9957000632,23,1350.21,17,1.0
1487,9,4,1,2022,2,9957000682,16,4306.7,28,1.0
1488,15,25,12,2022,24,9957000157,51,358.61,27,1.0
1489,6,20,8,2022,8,9957000335,15,3391.28,15,1.0
1490,16,2,1,2022,20,9957000861,18,872.37,18,1.0
1491,22,26,5,2022,17,9957000260,50,1729.08,16,1.0
1492,20,30,6,2022,13,9957000082,68,317.1,13,0.0
1493,21,30,6,2022,1,9957000754,72,1357.17,21,1.0
1494,6,5,5,2022,2,9957000441,39,3844.42,17,1.0
1495,13,3,3,2022,15,9957000945,17,4426.23,8,1.0
1496,14,29,5,2022,12,9957000172,23,1115.42,1,1.0
1497,20,28,12,2022,14,9957000231,36,2323.1,25,1.0
1498,6,29,8,2022,25,9957000720,37,2356.92,26,1.0
1499,8,9,2,2022,2,9957000075,26,4369.14,27,1.0
1500,18,20,6,2022,18,9957000270,24,3816.37,3,1.0
1501,15,6,9,2022,22,9957000899,48,2570.26,16,1.0
1502,7,18,8,2022,7,9957000626,57,3357.03,28,1.0
1503,17,6,11,2022,23,9957000062,24,4238.3,2,1.0
1504,22,19,8,2022,25,9957000874,44,57.6,15,1.0
1505,17,28,8,2022,6,9957000320,36,2020.42,1,0.0
1506,19,12,7,2022,14,9957000102,20,4537.14,9,1.0
1507,6,25,8,2022,8,9957000429,64,3704.16,16,1.0
1508,2,11,6,2022,22,9957000874,16,2718.78,4,1.0
1509,17,2,2,2022,2,9957000722,44,2652.93,12,1.0
1510,9,15,2,2022,17,9957000954,16,1745.37,1,1.0
1511,6,12,8,2022,5,9957000255,46,2607.4,1,1.0
1512,16,12,11,2022,14,9957000532,56,3280.36,7,1.0
1513,13,9,1,2022,25,9957000570,30,2097.63,18,1.0
1514,23,21,6,2022,24,9957000112,26,3573.62,23,1.0
1515,2,24,6,2022,20,9957000985,15,4307.55,28,1.0
1516,11,2,11,2022,21,9957000313,67,781.88,23,1.0
1517,12,22,4,2022,21,9957000998,22,2263.22,15,1.0
1518,1,3,12,2022,22,9957000461,62,2046.02,26,1.0
1519,2,12,11,2022,3,9957000708,64,3440.45,25,1.0
1520,4,28,11,2022,5,9957000887,27,1256.84,13,1.0
1521,10,30,10,2022,16,9957000462,29,3204.85,16,1.0
1522,7,26,3,2022,18,9957000865,67,4388.67,7,0.0
1523,22,16,11,2022,17,9957000092,58,2096.48,16,1.0
1524,22,21,3,2022,11,9957000052,22,4555.97,13,1.0
1525,11,28,1,2022,17,9957000805,24,4965.89,14,0.0
1526,6,24,3,2022,16,9957000520,60,539.4,17,1.0
1527,14,26,4,2022,23,9957000812,19,1172.94,12,1.0
1528,23,30,11,2022,2,9957000098,64,4752.39,24,1.0
1529,16,1,11,2022,4,9957000236,33,4792.06,24,1.0
1530,3,21,5,2022,21,9957000901,61,497.56,20,0.0
1531,21,3,3,2022,7,9957000374,52,84.84,13,1.0
1532,12,20,6,2022,2,9957000581,73,813.89,24,1.0
1533,17,2,11,2022,6,9957000927,25,4980.1,20,1.0
1534,0,9,12,2022,17,9957000557,67,908.2,15,1.0
1535,15,19,5,2022,7,9957000649,57,2517.71,24,1.0
1536,12,15,3,2022,25,9957000234,34,4243.6,21,1.0
1537,9,18,6,2022,5,9957000032,34,111.8,4,1.0
1538,11,26,6,2022,5,9957000289,35,3026.4,22,1.0
1539,1,11,8,2022,20,9957000638,32,1392.36,2,1.0
1540,22,25,2,2022,16,9957000579,71,4313.05,28,1.0
1541,2,23,1,2022,19,9957000542,64,1424.47,18,1.0
1542,9,16,4,2022,9,9957000114,24,3436.91,2,1.0
1543,1,22,7,2022,5,9957000204,48,3374.36,25,1.0
1544,22,17,11,2022,8,9957000029,40,1115.25,15,0.0
1545,12,5,10,2022,9,9957000643,44,183.65,26,1.0
1546,12,12,3,2022,5,9957000474,23,2052.16,19,1.0
1547,17,11,3,2022,10,9957000697,60,1453.07,15,1.0
1548,2,30,5,2022,25,9957000253,65,4046.8,26,1.0
1549,6,15,5,2022,2,9957000798,45,4003.82,20,1.0
1550,13,27,10,2022,9,9957000905,56,2290.55,10,1.0
1551,19,3,3,2022,11,9957000922,69,3036.5,28,0.0
1552,16,1,9,2022,4,9957000386,18,3025.25,24,1.0
1553,20,20,4,2022,22,9957000062,75,4137.52,20,1.0
1554,11,29,3,2022,22,9957000515,75,2130.76,11,1.0
1555,15,16,11,2022,22,9957000430,20,1384.48,26,1.0
1556,23,2,2,2022,2,9957000580,28,1332.52,10,1.0
1557,11,2,10,2022,23,9957000537,18,2685.6,23,1.0
1558,14,3,11,2022,6,9957000691,40,2251.25,5,1.0
1559,9,8,9,2022,14,9957000141,61,2206.2,9,1.0
1560,6,24,4,2022,1,9957000743,62,464.78,20,1.0
1561,19,28,3,2022,18,9957000300,53,3595.83,19,1.0
1562,4,15,7,2022,7,9957000675,31,1076.55,13,1.0
1563,0,7,8,2022,1,9957000311,33,992.8,18,1.0
1564,16,6,11,2022,1,9957000471,75,2069.66,17,0.0
1565,2,9,2,2022,1,9957000393,65,1146.61,27,1.0
1566,12,20,7,2022,24,9957000642,63,2923.45,6,1.0
1567,13,28,12,2022,4,9957000445,20,1863.6,10,1.0
1568,23,1,5,2022,4,9957000758,43,2250.07,2,1.0
1569,17,8,11,2022,18,9957000809,25,2690.47,24,1.0
1570,3,23,5,2022,11,9957000172,30,1025.64,6,1.0
1571,17,23,3,2022,1,9957000576,44,787.2,28,1.0
1572,4,31,5,2022,10,9957000031,39,4403.31,28,1.0
1573,15,3,12,2022,9,9957000047,54,2174.28,21,0.0
1574,0,4,2,2022,23,9957000130,25,2066.35,13,1.0
1575,20,26,4,2022,4,9957000352,21,187.7,18,1.0
1576,13,25,6,2022,6,9957000978,40,2494.9,7,1.0
1577,14,15,1,2022,16,9957000845,70,2775.31,2,1.0
1578,8,6,10,2022,2,9957000622,36,2798.62,14,1.0
1579,14,15,4,2022,23,9957000581,39,3538.09,5,1.0
1580,16,31,6,2022,18,9957000058,33,895.63,18,1.0
1581,23,21,9,2022,10,9957000106,45,1268.59,11,0.0
1582,3,3,11,2022,24,9957000812,40,4055.55,10,1.0
1583,11,25,11,2022,24,9957000330,56,4736.38,11,0.0
1584,4,21,2,2022,17,9957000768,55,688.3,27,1.0
1585,4,21,11,2022,13,9957000824,50,2493.27,2,1.0
1586,10,14,7,2022,24,9957000683,37,1078.74,15,1.0
1587,5,20,6,2022,18,9957000383,61,309.77,7,1.0
1588,6,14,2,2022,22,9957000985,27,1634.26,9,1.0
1589,23,4,8,2022,13,9957000162,39,727.0,5,1.0
1590,13,12,7,2022,17,9957000997,16,3552.57,7,1.0
1591,23,17,11,2022,5,9957000286,16,2673.29,20,1.0
1592,10,7,5,2022,11,9957000071,30,727.73,2,1.0
1593,12,9,12,2022,7,9957000767,23,56.12,3,1.0
1594,1,3,5,2022,10,9957000454,42,4042.7,2,0.0
1595,6,28,7,2022,17,9957000886,27,889.21,21,1.0
1596,19,13,9,2022,15,9957000567,49,3035.02,22,1.0
1597,3,15,11,2022,18,9957000835,55,1691.24,23,0.0
1598,7,18,9,2022,23,9957000397,27,2931.57,19,1.0
1599,19,19,9,2022,22,9957000515,45,1585.11,4,0.0
1600,21,1,6,2022,19,9957000026,35,443.83,24,0.0
1601,20,6,10,2022,2,9957000313,46,1122.52,20,0.0
1602,18,27,6,2022,4,9957000126,68,948.41,7,1.0
1603,12,27,3,2022,3,9957000408,48,2145.82,28,1.0
1604,13,23,1,2022,7,9957000565,22,3294.84,22,1.0
1605,9,27,7,2022,24,9957000198,73,1326.39,7,1.0
1606,10,27,4,2022,18,9957000811,55,70.23,17,1.0
1607,1,2,1,2022,10,9957000188,62,2599.5,19,0.0
1608,8,24,8,2022,7,9957000698,16,3032.74,22,1.0
1609,16,14,12,2022,8,9957000817,52,4814.72,16,0.0
1610,2,6,6,2022,6,9957000810,46,2951.46,3,1.0
1611,23,14,6,2022,22,9957000716,68,2361.15,15,1.0
1612,5,4,2,2022,1,9957000484,54,2871.27,14,1.0
1613,4,21,1,2022,4,9957000450,72,4640.22,15,1.0
1614,4,8,2,2022,14,9957000523,42,4143.61,14,1.0
1615,21,30,4,2022,17,9957000871,51,1621.66,7,1.0
1616,14,3,2,2022,20,9957000354,55,1193.9,25,1.0
1617,22,19,1,2022,18,9957000986,15,1320.54,3,1.0
1618,16,30,7,2022,11,9957000658,55,2527.06,17,0.0
1619,8,31,11,2022,21,9957000597,24,3722.81,10,1.0
1620,2,14,11,2022,14,9957000100,69,2521.06,15,0.0
1621,19,27,12,2022,9,9957000616,18,348.3,6,1.0
1622,16,20,8,2022,15,9957000948,49,3620.67,28,1.0
1623,9,17,6,2022,12,9957000558,24,4031.79,17,0.0
1624,2,25,4,2022,10,9957000556,61,1454.59,17,1.0
1625,17,8,6,2022,19,9957000278,25,3323.99,14,1.0
1626,17,24,3,2022,24,9957000693,28,2138.69,24,1.0
1627,16,14,12,2022,19,9957000699,52,4446.71,25,0.0
1628,23,26,8,2022,6,9957000990,26,4227.68,18,1.0
1629,2,6,10,2022,20,9957000626,59,2631.91,25,1.0
1630,2,23,2,2022,24,9957000491,31,3460.61,5,1.0
1631,5,22,5,2022,6,9957000255,30,4417.92,8,1.0
1632,12,16,1,2022,8,9957000381,49,2483.63,7,0.0
1633,23,25,6,2022,1,9957000892,16,1573.12,23,1.0
1634,14,19,2,2022,22,9957000542,25,3770.79,4,1.0
1635,8,14,4,2022,17,9957000264,75,1108.13,18,1.0
1636,3,19,6,2022,17,9957000610,55,1948.77,5,1.0
1637,13,3,10,2022,24,9957000825,17,4329.98,16,1.0
1638,4,10,11,2022,15,9957000879,43,3624.87,14,1.0
1639,1,19,8,2022,7,9957000329,32,2025.02,27,0.0
1640,10,9,12,2022,19,9957000115,34,1081.58,27,1.0
1641,8,28,8,2022,22,9957000276,61,1786.28,19,1.0
1642,23,20,11,2022,25,9957000488,28,1427.68,14,1.0
1643,2,13,6,2022,23,9957000281,48,888.69,9,1.0
1644,8,7,4,2022,3,9957000275,63,3719.23,6,1.0
1645,2,14,8,2022,22,9957000773,68,1267.83,17,1.0
1646,1,31,8,2022,11,9957000843,45,2276.3,19,1.0
1647,11,9,10,2022,20,9957000719,72,1935.44,12,1.0
1648,9,27,1,2022,19,9957000896,54,4910.57,4,1.0
1649,8,28,4,2022,9,9957000328,56,1961.55,16,1.0
1650,14,23,4,2022,10,9957000211,72,409.11,25,1.0
1651,7,25,7,2022,2,9957000727,32,458.23,11,1.0
1652,4,28,11,2022,1,9957000923,44,2957.86,22,0.0
1653,10,19,7,2022,16,9957000552,39,3000.82,4,1.0
1654,1,15,11,2022,18,9957000992,75,2099.61,17,1.0
1655,23,20,8,2022,23,9957000026,33,2164.9,8,1.0
1656,14,14,11,2022,17,9957000027,22,279.12,14,1.0
1657,5,24,5,2022,6,9957000702,42,2587.57,27,1.0
1658,7,6,7,2022,14,9957000083,22,2528.65,2,1.0
1659,4,21,8,2022,23,9957000896,45,756.25,11,1.0
1660,15,29,9,2022,25,9957000946,17,528.16,11,1.0
1661,17,4,3,2022,15,9957000682,17,626.63,24,1.0
1662,5,8,3,2022,14,9957000413,58,514.13,22,1.0
1663,4,17,4,2022,24,9957000167,36,3052.44,24,0.0
1664,15,30,5,2022,22,9957000700,31,990.45,6,1.0
1665,12,9,10,2022,3,9957000169,50,1264.64,21,1.0
1666,4,1,1,2022,24,9957000801,31,876.12,21,1.0
1667,12,24,7,2022,23,9957000979,28,4789.6,14,1.0
1668,16,20,9,2022,19,9957000229,65,4274.54,10,1.0
1669,17,25,8,2022,25,9957000979,23,1160.17,26,1.0
1670,7,14,5,2022,12,9957000609,44,1644.56,27,1.0
1671,12,11,4,2022,2,9957000367,35,1057.37,8,1.0
1672,18,21,12,2022,3,9957000528,26,2464.46,7,1.0
1673,2,3,7,2022,18,9957000791,51,107.86,8,1.0
1674,23,9,5,2022,1,9957000647,46,3360.13,28,1.0
1675,7,27,7,2022,20,9957000538,25,2620.56,8,1.0
1676,1,14,12,2022,21,9957000864,34,4494.21,23,0.0
1677,7,30,1,2022,6,9957000524,49,830.32,2,1.0
1678,12,9,1,2022,5,9957000072,67,4022.51,27,1.0
1679,12,4,10,2022,1,9957000645,61,3961.89,16,1.0
1680,0,27,3,2022,19,9957000106,60,644.63,9,0.0
1681,5,4,11,2022,1,9957000732,25,1998.81,13,1.0
1682,23,28,2,2022,21,9957000885,66,859.06,23,0.0
1683,18,8,2,2022,21,9957000965,22,1281.06,12,1.0
1684,15,2,7,2022,16,9957000689,18,1323.6,27,1.0
1685,7,9,12,2022,12,9957000282,41,2785.62,22,1.0
1686,0,29,10,2022,22,9957000133,58,2062.94,25,1.0
1687,15,14,2,2022,8,9957000534,54,4739.19,17,1.0
1688,8,22,11,2022,16,9957000975,52,640.59,27,1.0
1689,12,9,4,2022,1,9957000269,61,4868.72,2,0.0
1690,10,24,2,2022,4,9957000412,44,1160.89,13,1.0
1691,12,31,6,2022,10,9957000673,58,3866.64,1,1.0
1692,20,31,8,2022,11,9957000619,62,1701.46,26,1.0
1693,9,23,10,2022,17,9957000791,62,723.98,28,1.0
1694,3,16,4,2022,25,9957000865,41,4290.87,19,1.0
1695,5,29,5,2022,23,9957000747,35,1551.22,11,1.0
1696,6,30,4,2022,7,9957000018,66,3297.69,5,0.0
1697,4,17,3,2022,12,9957000754,34,2836.55,1,1.0
1698,10,16,5,2022,21,9957000117,74,2364.06,20,1.0
1699,12,30,9,2022,7,9957000798,18,2484.14,13,1.0
1700,18,12,8,2022,12,9957000794,25,3663.87,8,0.0
1701,22,3,8,2022,15,9957000144,27,447.99,6,1.0
1702,9,11,8,2022,2,9957000717,75,3344.22,17,1.0
1703,9,14,12,2022,14,9957000551,23,4480.1,12,1.0
1704,10,18,8,2022,13,9957000929,18,298.36,1,1.0
1705,20,21,7,2022,4,9957000666,26,711.86,3,1.0
1706,6,31,8,2022,14,9957000688,23,3585.99,14,0.0
1707,17,21,11,2022,14,9957000961,27,2192.04,26,1.0
1708,3,5,8,2022,16,9957000753,62,2023.71,8,1.0
1709,1,16,8,2022,7,9957000422,40,693.46,11,1.0
1710,13,20,12,2022,19,9957000898,52,2538.78,27,1.0
1711,12,5,10,2022,2,9957000369,56,641.46,14,1.0
1712,11,3,7,2022,10,9957000646,27,2388.34,8,0.0
1713,6,12,12,2022,18,9957000558,53,3820.44,3,1.0
1714,1,1,1,2022,17,9957000050,42,1298.74,7,1.0
1715,12,21,4,2022,5,9957000678,72,2409.12,28,0.0
1716,13,29,4,2022,12,9957000106,33,4960.16,19,1.0
1717,16,9,5,2022,6,9957000216,38,3436.39,4,1.0
1718,8,29,10,2022,22,9957000658,33,4208.37,25,0.0
1719,16,9,6,2022,9,9957000923,63,2080.09,16,0.0
1720,7,4,4,2022,20,9957000425,27,3841.63,13,1.0
1721,1,3,2,2022,1,9957000072,27,212.14,20,1.0
1722,23,17,6,2022,22,9957000988,72,623.33,19,0.0
1723,12,2,8,2022,15,9957000842,42,1023.32,5,1.0
1724,2,24,8,2022,21,9957000785,67,2015.74,23,1.0
1725,15,1,7,2022,6,9957000759,16,4230.27,5,1.0
1726,5,8,6,2022,19,9957000446,24,1737.87,20,1.0
1727,18,13,2,2022,18,9957000925,36,3276.56,24,1.0
1728,6,23,7,2022,6,9957000186,27,3549.48,4,1.0
1729,9,15,11,2022,13,9957000070,72,2935.05,2,1.0
1730,8,8,12,2022,1,9957000974,23,1792.64,26,1.0
1731,1,12,5,2022,23,9957000150,47,2889.5,13,1.0
1732,14,22,6,2022,23,9957000246,28,1717.91,16,1.0
1733,4,12,10,2022,13,9957000774,75,428.53,22,1.0
1734,21,14,8,2022,7,9957000538,62,4964.09,2,0.0
1735,3,15,8,2022,15,9957000935,34,644.64,19,1.0
1736,19,15,3,2022,12,9957000652,29,371.02,17,1.0
1737,3,9,12,2022,1,9957000099,46,4393.87,5,1.0
1738,17,19,12,2022,15,9957000910,47,1516.15,25,0.0
1739,3,26,7,2022,4,9957000278,31,3254.98,18,1.0
1740,16,20,1,2022,13,9957000563,38,1651.74,28,0.0
1741,11,29,1,2022,23,9957000663,44,1963.36,23,1.0
1742,21,22,7,2022,25,9957000944,27,1317.94,21,1.0
1743,16,8,10,2022,5,9957000455,73,1721.79,18,1.0
1744,9,21,9,2022,2,9957000104,61,2059.39,8,1.0
1745,21,19,7,2022,23,9957000946,62,3604.88,27,1.0
1746,0,6,10,2022,1,9957000601,30,2562.57,15,0.0
1747,21,20,5,2022,16,9957000653,16,4718.39,13,1.0
1748,23,25,8,2022,23,9957000725,31,218.98,13,0.0
1749,17,29,2,2022,6,9957000233,46,2520.31,16,0.0
1750,17,19,9,2022,23,9957000394,57,2925.28,22,1.0
1751,13,4,6,2022,16,9957000501,22,4601.78,20,1.0
1752,14,23,9,2022,14,9957000695,66,255.3,13,1.0
1753,11,7,2,2022,3,9957000251,17,2871.76,20,1.0
1754,3,28,3,2022,15,9957000521,75,4269.61,2,1.0
1755,2,28,12,2022,3,9957000079,26,1217.22,3,1.0
1756,19,4,8,2022,23,9957000052,34,4382.7,15,1.0
1757,11,22,1,2022,2,9957000898,30,105.03,23,1.0
1758,6,12,10,2022,1,9957000921,28,3664.95,19,1.0
1759,10,13,7,2022,9,9957000781,30,4666.23,13,0.0
1760,0,3,7,2022,9,9957000226,73,3289.42,5,1.0
1761,5,22,1,2022,23,9957000051,67,2200.76,26,1.0
1762,14,12,9,2022,7,9957000186,63,233.96,22,1.0
1763,14,2,8,2022,3,9957000034,57,4601.37,6,1.0
1764,18,24,4,2022,18,9957000803,63,2356.78,14,1.0
1765,10,2,10,2022,11,9957000742,65,154.69,4,1.0
1766,22,27,11,2022,7,9957000131,68,3452.21,22,1.0
1767,1,23,5,2022,9,9957000632,47,2414.37,19,0.0
1768,13,9,2,2022,1,9957000443,44,630.48,23,0.0
1769,1,1,9,2022,14,9957000838,73,1079.22,7,1.0
1770,3,8,12,2022,20,9957000759,26,331.81,4,1.0
1771,16,23,12,2022,6,9957000432,29,2875.72,2,1.0
1772,2,6,6,2022,7,9957000704,32,3113.93,27,1.0
1773,12,6,3,2022,10,9957000497,42,2533.65,7,1.0
1774,8,22,12,2022,7,9957000403,37,4087.34,3,1.0
1775,6,25,7,2022,2,9957000323,28,4306.43,15,1.0
1776,14,18,9,2022,4,9957000210,44,3081.97,1,1.0
1777,22,17,3,2022,21,9957000615,47,73.65,2,1.0
1778,10,29,2,2022,17,9957000329,59,3479.2,10,1.0
1779,19,12,7,2022,1,9957000372,29,2095.82,16,1.0
1780,1,6,7,2022,10,9957000460,21,2832.13,25,1.0
1781,14,26,4,2022,19,9957000133,29,3248.91,28,1.0
1782,13,27,11,2022,15,9957000835,66,1757.68,15,1.0
1783,19,8,9,2022,10,9957000651,56,4586.32,24,1.0
1784,21,19,8,2022,19,9957000121,60,678.53,15,1.0
1785,10,28,1,2022,12,9957000606,52,3360.84,14,0.0
1786,2,10,1,2022,24,9957000452,60,31.75,22,1.0
1787,16,1,5,2022,16,9957000965,70,4624.01,14,1.0
1788,11,25,6,2022,9,9957000129,71,571.4,6,1.0
1789,23,29,3,2022,15,9957000091,68,483.47,14,0.0
1790,20,13,9,2022,17,9957000604,58,1671.71,17,0.0
1791,14,17,12,2022,14,9957000575,25,1874.1,18,0.0
1792,15,3,10,2022,18,9957000029,43,1079.36,20,1.0
1793,4,8,6,2022,2,9957000722,45,2929.76,19,1.0
1794,19,14,4,2022,4,9957000524,39,2220.14,17,0.0
1795,5,3,12,2022,18,9957000333,66,180.54,16,1.0
1796,18,16,7,2022,7,9957000297,68,1605.06,8,0.0
1797,4,13,8,2022,13,9957000130,38,4054.06,7,1.0
1798,2,20,9,2022,15,9957000293,71,3451.61,20,1.0
1799,0,24,11,2022,25,9957000173,33,3627.11,28,1.0
1800,5,17,6,2022,23,9957000720,16,3493.6,12,1.0
1801,14,13,6,2022,22,9957000944,36,1561.76,9,1.0
1802,1,29,8,2022,1,9957000024,34,507.32,27,1.0
1803,2,6,12,2022,11,9957000099,47,1369.61,14,1.0
1804,16,17,5,2022,10,9957000406,22,4160.61,20,1.0
1805,23,14,3,2022,25,9957000356,39,4902.55,1,1.0
1806,11,17,12,2022,5,9957000139,60,2474.3,10,1.0
1807,17,30,3,2022,16,9957000503,23,58.4,17,0.0
1808,14,8,6,2022,11,9957000826,48,708.82,17,1.0
1809,11,11,2,2022,21,9957000174,71,1617.18,17,1.0
1810,15,20,6,2022,6,9957000029,37,2897.14,4,1.0
1811,7,28,6,2022,9,9957000931,19,384.72,17,0.0
1812,13,1,8,2022,13,9957000496,69,4717.35,18,1.0
1813,16,26,7,2022,24,9957000655,75,1831.77,20,1.0
1814,20,7,8,2022,8,9957000828,39,4563.8,23,1.0
1815,7,21,9,2022,14,9957000351,22,3904.8,2,1.0
1816,14,21,6,2022,24,9957000554,30,3779.63,8,1.0
1817,13,17,3,2022,1,9957000299,68,3037.53,13,0.0
1818,17,30,10,2022,17,9957000720,62,3137.65,23,0.0
1819,19,10,3,2022,24,9957000842,59,3193.64,25,1.0
1820,6,11,11,2022,5,9957000945,66,3147.32,22,0.0
1821,2,22,12,2022,25,9957000192,75,2773.1,20,1.0
1822,11,30,1,2022,2,9957000672,29,4932.21,22,1.0
1823,20,9,11,2022,25,9957000064,15,3664.13,15,1.0
1824,23,9,5,2022,24,9957000755,36,3886.96,20,1.0
1825,2,24,4,2022,9,9957000770,17,4363.59,23,1.0
1826,19,5,9,2022,4,9957000664,52,1086.04,9,1.0
1827,13,17,9,2022,17,9957000215,68,428.18,3,1.0
1828,14,9,5,2022,17,9957000834,28,2419.64,3,1.0
1829,13,17,10,2022,21,9957000166,50,2575.26,2,1.0
1830,6,24,4,2022,18,9957000543,32,4147.62,1,1.0
1831,16,21,7,2022,16,9957000883,61,2224.48,14,0.0
1832,11,19,6,2022,8,9957000232,55,2858.56,17,1.0
1833,19,27,4,2022,11,9957000794,32,2640.08,13,1.0
1834,3,7,10,2022,21,9957000541,17,200.63,19,1.0
1835,8,23,2,2022,21,9957000195,24,3079.92,23,1.0
1836,5,9,1,2022,18,9957000506,63,4141.94,15,1.0
1837,15,7,4,2022,23,9957000334,53,795.93,27,1.0
1838,21,13,4,2022,24,9957000768,61,2975.72,25,1.0
1839,21,11,1,2022,10,9957000793,15,2972.12,14,1.0
1840,20,14,6,2022,13,9957000304,41,829.28,2,1.0
1841,20,19,4,2022,17,9957000833,71,626.08,7,1.0
1842,1,11,1,2022,18,9957000437,41,4900.46,17,0.0
1843,23,13,1,2022,10,9957000323,25,1974.66,18,1.0
1844,7,31,1,2022,16,9957000502,63,1144.83,6,1.0
1845,10,14,8,2022,20,9957000858,19,864.91,27,1.0
1846,12,13,10,2022,5,9957000914,21,3341.33,21,1.0
1847,16,1,8,2022,13,9957000393,33,3051.13,8,1.0
1848,7,8,2,2022,18,9957000806,71,3221.33,28,0.0
1849,20,12,11,2022,17,9957000599,70,449.15,27,1.0
1850,17,19,7,2022,9,9957000149,43,4468.74,2,1.0
1851,17,12,8,2022,14,9957000761,29,1952.44,1,1.0
1852,13,8,8,2022,17,9957000833,49,1573.71,16,1.0
1853,14,8,11,2022,4,9957000405,61,2317.18,7,1.0
1854,5,29,10,2022,18,9957000283,51,1956.43,22,1.0
1855,10,21,11,2022,20,9957000362,69,4319.25,24,1.0
1856,12,13,7,2022,24,9957000379,26,4647.01,11,1.0
1857,0,12,5,2022,24,9957000198,44,1524.23,15,1.0
1858,5,29,1,2022,15,9957000556,34,4321.04,13,1.0
1859,8,16,12,2022,11,9957000356,51,3909.8,24,1.0
1860,7,1,9,2022,12,9957000540,17,4654.73,2,0.0
1861,10,13,7,2022,9,9957000429,23,1236.29,14,1.0
1862,21,26,2,2022,13,9957000017,72,2889.03,24,1.0
1863,18,7,6,2022,15,9957000639,55,1379.98,6,1.0
1864,23,28,2,2022,15,9957000379,53,4122.23,9,1.0
1865,8,26,1,2022,5,9957000680,40,36.57,28,1.0
1866,16,5,7,2022,23,9957000506,16,2828.45,7,1.0
1867,11,8,2,2022,19,9957000756,37,1702.63,18,1.0
1868,13,25,2,2022,20,9957000899,37,1620.19,24,0.0
1869,14,27,11,2022,25,9957000076,73,3228.08,9,1.0
1870,15,14,5,2022,14,9957000231,35,4258.91,23,1.0
1871,21,23,5,2022,17,9957000716,30,3049.89,4,0.0
1872,21,30,7,2022,18,9957000962,23,4267.33,9,1.0
1873,19,13,1,2022,21,9957000248,27,1330.34,4,1.0
1874,0,15,8,2022,3,9957000302,42,2602.31,12,1.0
1875,9,23,3,2022,2,9957000726,41,2258.18,4,1.0
1876,7,17,4,2022,1,9957000215,65,68.11,25,0.0
1877,17,15,9,2022,10,9957000158,66,2788.49,24,1.0
1878,0,20,4,2022,19,9957000069,31,3311.01,20,1.0
1879,1,18,10,2022,17,9957000393,52,2963.65,14,1.0
1880,0,18,12,2022,12,9957000085,50,3684.04,24,1.0
1881,0,2,5,2022,1,9957000267,15,2860.98,24,1.0
1882,8,4,7,2022,12,9957000069,32,343.08,7,1.0
1883,12,30,4,2022,17,9957000611,65,591.06,26,1.0
1884,0,1,1,2022,24,9957000347,23,2986.41,13,1.0
1885,12,31,9,2022,3,9957000962,27,1382.15,22,1.0
1886,19,4,4,2022,11,9957000728,54,407.43,8,1.0
1887,21,18,9,2022,17,9957000927,69,2153.72,23,1.0
1888,6,5,6,2022,23,9957000673,59,2776.07,5,0.0
1889,1,19,1,2022,3,9957000423,29,1650.44,12,1.0
1890,5,15,12,2022,8,9957000606,57,3604.96,13,1.0
1891,6,28,3,2022,20,9957000174,58,3222.42,20,1.0
1892,13,8,11,2022,4,9957000677,60,1670.76,14,1.0
1893,17,20,2,2022,21,9957000115,18,3776.81,28,1.0
1894,14,17,9,2022,22,9957000220,47,3246.99,18,1.0
1895,1,1,12,2022,7,9957000956,38,3190.85,27,0.0
1896,9,12,1,2022,14,9957000031,50,2771.6,24,1.0
1897,22,26,9,2022,14,9957000523,65,66.83,25,0.0
1898,11,19,9,2022,4,9957000343,55,3485.57,20,1.0
1899,16,15,8,2022,16,9957000377,24,1886.45,4,1.0
1900,7,9,8,2022,24,9957000130,50,4713.62,21,1.0
1901,10,7,11,2022,22,9957001000,34,4091.74,18,1.0
1902,2,2,12,2022,1,9957000617,55,2942.6,7,1.0
1903,5,31,1,2022,17,9957000539,59,1268.39,15,1.0
1904,8,29,11,2022,25,9957000739,58,1026.55,21,0.0
1905,5,9,8,2022,10,9957000002,25,1708.52,6,1.0
1906,8,10,10,2022,22,9957000871,26,2388.07,16,0.0
1907,6,2,3,2022,16,9957000101,32,1487.37,20,1.0
1908,8,19,11,2022,16,9957000533,44,2579.5,24,1.0
1909,17,11,7,2022,8,9957000058,58,835.2,8,0.0
1910,11,13,11,2022,7,9957000389,62,4888.79,28,1.0
1911,7,10,1,2022,6,9957000692,51,548.54,21,1.0
1912,7,14,1,2022,16,9957000941,34,4660.4,16,1.0
1913,17,18,10,2022,20,9957000341,39,4568.75,28,0.0
1914,19,19,5,2022,16,9957000861,26,2631.55,22,1.0
1915,14,22,5,2022,7,9957000020,35,3627.3,16,1.0
1916,6,9,8,2022,9,9957000255,39,2185.88,3,1.0
1917,10,25,7,2022,14,9957000317,25,3153.87,17,1.0
1918,19,7,8,2022,11,9957000038,23,1709.47,9,1.0
1919,15,28,6,2022,14,9957000660,64,1512.78,25,1.0
1920,3,3,6,2022,7,9957000537,39,2895.37,3,1.0
1921,5,20,2,2022,1,9957000386,49,2495.67,20,1.0
1922,21,6,6,2022,25,9957000633,66,2901.89,7,1.0
1923,2,27,5,2022,13,9957000928,46,1440.44,18,1.0
1924,8,21,3,2022,20,9957000026,63,1841.12,12,1.0
1925,9,2,6,2022,3,9957000454,28,428.65,19,1.0
1926,13,29,8,2022,20,9957000681,15,270.86,16,1.0
1927,10,6,9,2022,4,9957000323,31,1274.75,22,1.0
1928,17,3,1,2022,11,9957000737,39,380.49,27,1.0
1929,21,16,3,2022,2,9957000513,73,527.84,24,0.0
1930,11,30,3,2022,14,9957000819,22,4066.51,17,1.0
1931,22,8,11,2022,12,9957000773,19,203.98,20,0.0
1932,11,2,8,2022,17,9957000013,19,3298.12,15,1.0
1933,12,17,1,2022,12,9957000915,55,1370.06,1,1.0
1934,12,9,5,2022,12,9957000908,49,4359.01,2,1.0
1935,18,30,3,2022,1,9957000560,33,2430.11,8,0.0
1936,18,12,2,2022,13,9957000921,37,1534.83,22,1.0
1937,22,3,8,2022,14,9957000825,23,2593.02,25,1.0
1938,13,11,3,2022,24,9957000371,68,1915.97,2,1.0
1939,3,1,7,2022,2,9957000291,44,2825.86,19,0.0
1940,12,23,12,2022,12,9957000332,64,581.52,9,1.0
1941,7,13,11,2022,21,9957000606,30,4984.98,9,0.0
1942,22,15,1,2022,16,9957000261,47,2133.52,13,1.0
1943,20,26,6,2022,4,9957000994,16,1747.67,6,1.0
1944,22,5,3,2022,8,9957000790,28,3553.95,15,1.0
1945,18,21,8,2022,2,9957000871,60,1825.86,19,1.0
1946,11,30,6,2022,10,9957000205,15,4168.04,21,0.0
1947,17,17,12,2022,9,9957000697,40,2276.81,15,1.0
1948,5,31,2,2022,23,9957000687,72,3600.6,18,0.0
1949,17,31,6,2022,15,9957000950,39,546.19,7,1.0
1950,18,25,7,2022,13,9957000387,30,4232.13,26,1.0
1951,21,23,5,2022,23,9957000892,29,3681.23,11,1.0
1952,4,24,3,2022,17,9957000821,40,1066.47,8,0.0
1953,23,25,4,2022,16,9957000468,61,734.98,6,1.0
1954,8,6,4,2022,2,9957000415,58,1588.3,8,1.0
1955,2,28,6,2022,20,9957000069,30,4880.59,2,1.0
1956,9,21,10,2022,20,9957000472,28,1291.59,19,1.0
1957,18,22,1,2022,14,9957000104,43,2286.07,16,1.0
1958,2,11,11,2022,3,9957000758,38,159.8,7,0.0
1959,21,18,4,2022,23,9957000161,61,1992.17,10,0.0
1960,14,4,10,2022,12,9957000200,69,2860.89,12,0.0
1961,0,3,4,2022,8,9957000216,29,4766.09,17,1.0
1962,6,13,10,2022,2,9957000946,33,2588.51,7,0.0
1963,11,23,1,2022,4,9957000212,22,4097.35,22,1.0
1964,16,9,9,2022,14,9957000508,48,2740.17,8,1.0
1965,20,21,4,2022,16,9957000016,16,213.52,7,1.0
1966,23,6,7,2022,19,9957000498,41,1581.89,4,1.0
1967,19,26,12,2022,2,9957000884,24,2881.99,3,1.0
1968,4,30,3,2022,12,9957000332,49,4753.46,19,1.0
1969,3,28,10,2022,14,9957000717,37,4297.06,15,1.0
1970,11,12,12,2022,6,9957000877,63,1149.49,4,1.0
1971,19,2,3,2022,13,9957000551,22,1108.35,25,0.0
1972,23,3,8,2022,4,9957000601,42,1013.85,9,1.0
1973,17,3,8,2022,22,9957000942,37,4613.27,13,1.0
1974,16,28,11,2022,18,9957000256,18,4264.8,18,1.0
1975,18,12,12,2022,12,9957000992,28,3876.67,21,1.0
1976,8,15,1,2022,20,9957000766,67,1969.75,16,1.0
1977,3,9,10,2022,22,9957000728,56,2526.86,1,1.0
1978,20,31,2,2022,21,9957000880,43,2327.02,4,1.0
1979,1,23,8,2022,19,9957000815,15,1274.46,18,1.0
1980,3,8,1,2022,8,9957000172,18,2530.09,8,0.0
1981,1,11,12,2022,7,9957000649,46,162.18,20,1.0
1982,14,16,8,2022,16,9957001000,47,667.73,16,1.0
1983,1,26,8,2022,19,9957000498,63,4434.08,21,1.0
1984,3,27,2,2022,6,9957000471,40,3760.88,11,1.0
1985,5,25,4,2022,20,9957000384,31,2120.11,20,1.0
1986,6,22,6,2022,21,9957000690,53,2590.58,21,0.0
1987,9,4,12,2022,11,9957000589,37,1856.29,21,1.0
1988,18,28,11,2022,5,9957000700,46,3706.49,21,1.0
1989,18,1,9,2022,16,9957000507,66,3923.09,27,1.0
1990,21,24,8,2022,7,9957000992,29,3818.79,19,1.0
1991,11,7,12,2022,5,9957000527,27,3615.83,23,1.0
1992,2,2,8,2022,11,9957000804,74,1030.48,19,0.0
1993,12,24,7,2022,15,9957000831,16,1696.47,18,1.0
1994,17,28,9,2022,3,9957000325,74,2354.53,19,1.0
1995,7,5,2,2022,5,9957000214,33,1660.66,11,1.0
1996,20,7,3,2022,23,9957000208,38,3777.15,3,1.0
1997,14,4,10,2022,21,9957000169,59,1653.47,8,1.0
1998,0,5,8,2022,5,9957000330,38,699.78,20,1.0
1999,2,24,6,2022,9,9957000280,25,2001.21,19,1.0
